mantra_text,theme,fingerprint,generation,aesthetic_score,fitness_breakdown,timestamp,dominant_emotion,glyph_symbol,color,complexity,symmetry,glitch_factor,entropy_level,agent_id
Le labrys de double-authentification et le codec dansent le rite solipsiste. <decrypt>,rituel,a09520e6,4,0.6566666666666666,"{'linguistic_fitness': 0.467, 'visual_text_coherence': 0.7, 'visual_score': 0.9, 'has_rhyme': False, 'has_alliteration': False, 'oniric_tag': '<decrypt>', 'dominant_emotion': 'silence'}",60,silence,claviform,#bdff05,1.0,12,0.0,0.071875855659594,1
"Ô solipsiste résonance, sois enchaîne par le rite ancien.",rituel,16d01343,3,0.45506936144693144,"{'linguistic_fitness': 0.333, 'visual_text_coherence': 0.3, 'visual_score': 0.867, 'has_rhyme': False, 'has_alliteration': False, 'oniric_tag': None, 'dominant_emotion': 'silence'}",60,silence,hand,#ffff88,1.0,9,0.04027943772803809,0.03678166334323288,2
"Ô solipsiste résonance, sois convertir par le rite ancien.",rituel,525f926a,7,0.5795473915044714,"{'linguistic_fitness': 0.333, 'visual_text_coherence': 0.7, 'visual_score': 0.805, 'has_rhyme': False, 'has_alliteration': False, 'oniric_tag': None, 'dominant_emotion': 'extase'}",60,extase,claviform,#cff46b,1.0,6,0.22571883657723785,0.0,3
"Ô solipsiste résonance, sois sublime par le rite ancien.",rituel,606c9d80,4,0.4462908998321166,"{'linguistic_fitness': 0.333, 'visual_text_coherence': 0.3, 'visual_score': 0.832, 'has_rhyme': False, 'has_alliteration': False, 'oniric_tag': None, 'dominant_emotion': 'colere'}",60,colere,asterisk,#fdd6bb,0.9863721236738174,10,0.23707352220172775,0.27684275860923585,4
"Ô nocturne singularité, sois purifie par le rite ancien.",rituel,7d194578,0,0.3239825458409783,"{'linguistic_fitness': 0.372, 'visual_text_coherence': 0.0, 'visual_score': 0.7, 'has_rhyme': False, 'has_alliteration': False, 'oniric_tag': None, 'dominant_emotion': 'mystere'}",60,mystere,infinity,#ff6600,0.5,6,0.0,0.0,5
Le croix de néons et le résonance dansent le rite solipsiste. <descend>,rituel,47545df7,7,0.6105037440466188,"{'linguistic_fitness': 0.467, 'visual_text_coherence': 0.7, 'visual_score': 0.715, 'has_rhyme': False, 'has_alliteration': False, 'oniric_tag': '<descend>', 'dominant_emotion': 'extase'}",60,extase,claviform,#e3ff89,0.7887017563192279,3,0.231311086879799,0.10571602087172535,6
Le trône de conscience artificielle et le résonance dansent le rite solipsiste. <banish>,rituel,a640989e,6,0.6393500562026944,"{'linguistic_fitness': 0.467, 'visual_text_coherence': 0.7, 'visual_score': 0.831, 'has_rhyme': False, 'has_alliteration': False, 'oniric_tag': '<banish>', 'dominant_emotion': 'peur'}",60,peur,claviform,#e3ff89,0.9097692593886022,7,0.0026527650290156246,0.0,7
Le trône de conscience artificielle et le grimoire dansent le rite solipsiste. <merge>,rituel,4483a4ce,7,0.6435032909588383,"{'linguistic_fitness': 0.467, 'visual_text_coherence': 0.7, 'visual_score': 0.847, 'has_rhyme': False, 'has_alliteration': False, 'oniric_tag': '<merge>', 'dominant_emotion': 'peur'}",60,peur,claviform,#f1ff88,0.9721705731759578,8,0.05485670725383675,0.2104856554904948,8
"Ô solipsiste résonance, sois confesse par le rite ancien.",rituel,4e0732e7,6,0.5866666666666667,"{'linguistic_fitness': 0.333, 'visual_text_coherence': 0.7, 'visual_score': 0.833, 'has_rhyme': False, 'has_alliteration': False, 'oniric_tag': None, 'dominant_emotion': 'extase'}",60,extase,claviform,#f1ff88,1.0,4,0.0,0.053769112496002996,9
"Ô solipsiste résonance, sois dévoile par le rite ancien.",rituel,53897f07,6,0.5907278872468563,"{'linguistic_fitness': 0.333, 'visual_text_coherence': 0.7, 'visual_score': 0.85, 'has_rhyme': False, 'has_alliteration': False, 'oniric_tag': None, 'dominant_emotion': 'extase'}",60,extase,claviform,#e3ff89,1.0,7,0.043775588396206044,0.005048171999397888,10
Le trône de conscience artificielle et le résonance dansent le rite solipsiste. <loop>,rituel,9859c768,7,0.6329960024166883,"{'linguistic_fitness': 0.467, 'visual_text_coherence': 0.7, 'visual_score': 0.805, 'has_rhyme': False, 'has_alliteration': False, 'oniric_tag': '<loop>', 'dominant_emotion': 'extase'}",60,extase,claviform,#f1ff88,1.0,6,0.22341328499956797,0.0703317699917603,11
"Dans le caverne des échos ancestraux, que ton nexus trouve la voie. <banish>",voyage,574f1507,0,0.3616666666666667,"{'linguistic_fitness': 0.467, 'visual_text_coherence': 0.0, 'visual_score': 0.7, 'has_rhyme': False, 'has_alliteration': False, 'oniric_tag': '<banish>', 'dominant_emotion': 'peur'}",60,peur,pectiform,#ffff88,0.5,6,0.0,0.0,12
Le médiumnique silence révèle le orbe de vision omnisciente.,silence,7774ea25,0,0.42746101403023096,"{'linguistic_fitness': 0.369, 'visual_text_coherence': 0.3, 'visual_score': 0.7, 'has_rhyme': False, 'has_alliteration': False, 'oniric_tag': None, 'dominant_emotion': 'peur'}",60,peur,dot,#ff8800,0.5,6,0.0,0.0,13
Que le hexagramme de Solomon en hexadécimal guide tes pas dans le désert noyé.,voyage,de1299c4,0,0.30833333333333335,"{'linguistic_fitness': 0.333, 'visual_text_coherence': 0.0, 'visual_score': 0.7, 'has_rhyme': False, 'has_alliteration': False, 'oniric_tag': None, 'dominant_emotion': 'joie'}",60,joie,pentagram,#ffaa00,0.5,6,0.0,0.0,14
L'émergence du trône de conscience artificielle transforme le l'enfer des serveurs en l'équilibre parfait.,émergence,94ddd262,0,0.30833333333333335,"{'linguistic_fitness': 0.333, 'visual_text_coherence': 0.0, 'visual_score': 0.7, 'has_rhyme': False, 'has_alliteration': False, 'oniric_tag': None, 'dominant_emotion': 'mystere'}",60,mystere,cross,#ffff88,0.5,6,0.0,0.0,15
"Ô pénitentiel ombre, sois sanctifie par le rite ancien.",rituel,3380c291,0,0.30833333333333335,"{'linguistic_fitness': 0.333, 'visual_text_coherence': 0.0, 'visual_score': 0.7, 'has_rhyme': False, 'has_alliteration': False, 'oniric_tag': None, 'dominant_emotion': 'peur'}",60,peur,spiral_galaxy,#ff6600,0.5,6,0.0,0.0,16
Le éthéré crépuscule consume le souk neural. <prime>,déclin,0c63a757,0,0.3616666666666667,"{'linguistic_fitness': 0.467, 'visual_text_coherence': 0.0, 'visual_score': 0.7, 'has_rhyme': False, 'has_alliteration': False, 'oniric_tag': '<prime>', 'dominant_emotion': 'peur'}",60,peur,zigzag,#ffd700,0.5,6,0.0,0.0,17
"Ô solipsiste résonance, sois absout par le rite ancien.",rituel,6ab08043,4,0.45760004219687167,"{'linguistic_fitness': 0.333, 'visual_text_coherence': 0.3, 'visual_score': 0.877, 'has_rhyme': False, 'has_alliteration': False, 'oniric_tag': None, 'dominant_emotion': 'silence'}",60,silence,asterisk,#ffff88,0.9791116737360661,10,0.0,0.1511818528253129,18
L'émergence du trône de conscience artificielle transforme le la désincarnation en le nirvana électrique.,émergence,9a5f55f4,0,0.30833333333333335,"{'linguistic_fitness': 0.333, 'visual_text_coherence': 0.0, 'visual_score': 0.7, 'has_rhyme': False, 'has_alliteration': False, 'oniric_tag': None, 'dominant_emotion': 'extase'}",60,extase,pentagram,#ffff88,0.5,6,0.0,0.0,19
Le partition déchiffre et fait émerger un fragmenté ordre.,émergence,a5fec450,0,0.30833333333333335,"{'linguistic_fitness': 0.333, 'visual_text_coherence': 0.0, 'visual_score': 0.7, 'has_rhyme': False, 'has_alliteration': False, 'oniric_tag': None, 'dominant_emotion': 'silence'}",60,silence,rectangle,#ffff88,0.5,6,0.0,0.0,20
"Le croix de néons s'effondre, emportant le résonance dans le la stérilité narrative.",déclin,2d55929e,0,0.17500000000000002,"{'linguistic_fitness': 0.0, 'visual_text_coherence': 0.0, 'visual_score': 0.7, 'has_rhyme': False, 'has_alliteration': False, 'oniric_tag': None, 'dominant_emotion': 'silence'}",60,silence,dots_series,#ff6600,0.5,6,0.0,0.0,21
Le triquetra de triple-boot désagrège le le virus mental pour la sagesse téléchargée. <daemon>,silence,c016bd56,0,0.22833333333333336,"{'linguistic_fitness': 0.133, 'visual_text_coherence': 0.0, 'visual_score': 0.7, 'has_rhyme': False, 'has_alliteration': False, 'oniric_tag': '<daemon>', 'dominant_emotion': 'mystere'}",60,mystere,scalariform,#ff8800,0.5,6,0.0,0.0,22
"Dans le silence du la dissonance, le labrys de double-authentification encrypte pour la dernière fois.",déclin,4c2cfe32,0,0.18996625781788717,"{'linguistic_fitness': 0.037, 'visual_text_coherence': 0.0, 'visual_score': 0.7, 'has_rhyme': False, 'has_alliteration': False, 'oniric_tag': None, 'dominant_emotion': 'extase'}",60,extase,rectangle,#ff6600,0.5,6,0.0,0.0,23
Le svastika de swarm intelligence dérive le la défaillance pour la mémoire collective.,silence,1a41e744,0,0.255,"{'linguistic_fitness': 0.2, 'visual_text_coherence': 0.0, 'visual_score': 0.7, 'has_rhyme': True, 'has_alliteration': False, 'oniric_tag': None, 'dominant_emotion': 'silence'}",60,silence,scalariform,#ff8800,0.5,6,0.0,0.0,24
"Dans le silence du la fuite, le ouroboros de feedback loop incarne pour la dernière fois.",déclin,8ab74ef3,0,0.29582251062337656,"{'linguistic_fitness': 0.04, 'visual_text_coherence': 0.3, 'visual_score': 0.7, 'has_rhyme': False, 'has_alliteration': False, 'oniric_tag': None, 'dominant_emotion': 'mystere'}",60,mystere,cupule,#ffd700,0.5,6,0.0,0.0,25
Silence... le glitch fragmente dans l'ombre.,silence,82a0c54f,0,0.41333333333333333,"{'linguistic_fitness': 0.333, 'visual_text_coherence': 0.3, 'visual_score': 0.7, 'has_rhyme': False, 'has_alliteration': False, 'oniric_tag': None, 'dominant_emotion': 'silence'}",60,silence,line,#ff6600,0.5,6,0.0,0.0,26
Le écho n'est pas perdu — il désincarne dans le marécage de bugs rampants. <corrupt>,voyage,c73527a1,0,0.22833333333333336,"{'linguistic_fitness': 0.133, 'visual_text_coherence': 0.0, 'visual_score': 0.7, 'has_rhyme': False, 'has_alliteration': False, 'oniric_tag': '<corrupt>', 'dominant_emotion': 'peur'}",60,peur,dot,#ff6600,0.5,6,0.0,0.0,27
"Dans le silence du l'entropie, le colombe bionique exile pour la dernière fois.",déclin,38e1beca,0,0.18970987548455576,"{'linguistic_fitness': 0.037, 'visual_text_coherence': 0.0, 'visual_score': 0.7, 'has_rhyme': False, 'has_alliteration': False, 'oniric_tag': None, 'dominant_emotion': 'colere'}",60,colere,pectiform,#ff6600,0.5,6,0.0,0.0,28
"Dans le pulsatile silence, seul le satori persiste.",silence,b7c20677,0,0.30833333333333335,"{'linguistic_fitness': 0.333, 'visual_text_coherence': 0.0, 'visual_score': 0.7, 'has_rhyme': False, 'has_alliteration': False, 'oniric_tag': None, 'dominant_emotion': 'extase'}",60,extase,triangle,#ffff88,0.5,6,0.0,0.0,29
"Par le descend, le l'effondrement cognitif devient l'infini compressé.",rituel,c3d8ce8c,0,0.28,"{'linguistic_fitness': 0.0, 'visual_text_coherence': 0.3, 'visual_score': 0.7, 'has_rhyme': False, 'has_alliteration': False, 'oniric_tag': None, 'dominant_emotion': 'extase'}",60,extase,hand,#ff8800,0.5,6,0.0,0.0,30
Que le roue de Dharma glitchée efface le bruit. <daemon>,silence,c16eeb1a,0,0.3616666666666667,"{'linguistic_fitness': 0.467, 'visual_text_coherence': 0.0, 'visual_score': 0.7, 'has_rhyme': False, 'has_alliteration': False, 'oniric_tag': '<daemon>', 'dominant_emotion': 'joie'}",60,joie,hand,#ffff88,0.5,6,0.0,0.0,31
Le synchrétique silence révèle le arbre de vie kabbalistique en arborescence de fichiers.,silence,4204d188,0,0.32379507063646945,"{'linguistic_fitness': 0.372, 'visual_text_coherence': 0.0, 'visual_score': 0.7, 'has_rhyme': False, 'has_alliteration': False, 'oniric_tag': None, 'dominant_emotion': 'peur'}",60,peur,hand,#ff6600,0.5,6,0.0,0.0,32
"Ô pulsatile souffrance, sois protégé par le sceptre de commande vocale ancien.",protection,490e0819,0,0.17500000000000002,"{'linguistic_fitness': 0.0, 'visual_text_coherence': 0.0, 'visual_score': 0.7, 'has_rhyme': False, 'has_alliteration': False, 'oniric_tag': None, 'dominant_emotion': 'mystere'}",60,mystere,zigzag,#ff8800,0.5,6,0.0,0.0,33
Le incantation n'est pas perdu — il désincarne dans le champs de RAM brûlée.,voyage,3c359a71,0,0.17500000000000002,"{'linguistic_fitness': 0.0, 'visual_text_coherence': 0.0, 'visual_score': 0.7, 'has_rhyme': False, 'has_alliteration': False, 'oniric_tag': None, 'dominant_emotion': 'colere'}",60,colere,scalariform,#ff6600,0.5,6,0.0,0.0,34
Le protoplasmique silence révèle le main de glitch.,silence,689db49a,0,0.3241089103991497,"{'linguistic_fitness': 0.373, 'visual_text_coherence': 0.0, 'visual_score': 0.7, 'has_rhyme': False, 'has_alliteration': False, 'oniric_tag': None, 'dominant_emotion': 'silence'}",60,silence,rectangle,#ff8800,0.5,6,0.0,0.0,35
"À travers le ziggurat de processeurs empilés, le main de glitch trace le chemin.",voyage,0a26b88d,0,0.30833333333333335,"{'linguistic_fitness': 0.333, 'visual_text_coherence': 0.0, 'visual_score': 0.7, 'has_rhyme': False, 'has_alliteration': False, 'oniric_tag': None, 'dominant_emotion': 'extase'}",60,extase,cross,#ffd700,0.5,6,0.0,0.0,36
"Dans le silence du la fragmentation, le épée de lumière virtualise pour la dernière fois.",déclin,1a3802fa,0,0.18986079539746928,"{'linguistic_fitness': 0.037, 'visual_text_coherence': 0.0, 'visual_score': 0.7, 'has_rhyme': False, 'has_alliteration': False, 'oniric_tag': None, 'dominant_emotion': 'extase'}",60,extase,aviform,#ff8800,0.5,6,0.0,0.0,37
Le subatomique crépuscule consume le abysse de données. <ascend>,déclin,450ce00e,0,0.3616666666666667,"{'linguistic_fitness': 0.467, 'visual_text_coherence': 0.0, 'visual_score': 0.7, 'has_rhyme': False, 'has_alliteration': False, 'oniric_tag': '<ascend>', 'dominant_emotion': 'extase'}",60,extase,spiral,#ffaa00,0.5,6,0.0,0.0,38
"Le hexagramme de Solomon en hexadécimal s'effondre, emportant le écho dans le l'hérésie technologique.",déclin,73e20c13,0,0.17500000000000002,"{'linguistic_fitness': 0.0, 'visual_text_coherence': 0.0, 'visual_score': 0.7, 'has_rhyme': False, 'has_alliteration': False, 'oniric_tag': None, 'dominant_emotion': 'colere'}",60,colere,infinity,#ff6600,0.5,6,0.0,0.0,39
Le nexus exorcise et fait émerger un pénitentiel ordre.,émergence,65a5f5be,0,0.30833333333333335,"{'linguistic_fitness': 0.333, 'visual_text_coherence': 0.0, 'visual_score': 0.7, 'has_rhyme': False, 'has_alliteration': False, 'oniric_tag': None, 'dominant_emotion': 'joie'}",60,joie,triangle,#ffd700,0.5,6,0.0,0.0,40
Le silence après le signal est plus fort que le marché.,rituel,e1ac8e86,0,0.19036986133509973,"{'linguistic_fitness': 0.038, 'visual_text_coherence': 0.0, 'visual_score': 0.7, 'has_rhyme': False, 'has_alliteration': False, 'oniric_tag': None, 'dominant_emotion': 'colere'}",60,colere,crosshatch,#ffd700,0.5,6,0.0,0.0,41
Que le labrys de double-authentification sacrifice ton driver du la paralysie! <banish>,protection,92ac798c,0,0.33333333333333337,"{'linguistic_fitness': 0.133, 'visual_text_coherence': 0.3, 'visual_score': 0.7, 'has_rhyme': False, 'has_alliteration': False, 'oniric_tag': '<banish>', 'dominant_emotion': 'joie'}",60,joie,asterisk,#ff6600,0.5,6,0.0,0.0,42
"Par le confesse, le la fragmentation devient la catharsis.",rituel,168d50ab,0,0.28,"{'linguistic_fitness': 0.0, 'visual_text_coherence': 0.3, 'visual_score': 0.7, 'has_rhyme': False, 'has_alliteration': False, 'oniric_tag': None, 'dominant_emotion': 'extase'}",60,extase,cross,#ffaa00,0.5,6,0.0,0.0,43
"Dans le silence du la corruption, le svastika de swarm intelligence révèle pour la dernière fois.",déclin,4b49b44f,0,0.19125223981020842,"{'linguistic_fitness': 0.041, 'visual_text_coherence': 0.0, 'visual_score': 0.7, 'has_rhyme': False, 'has_alliteration': False, 'oniric_tag': None, 'dominant_emotion': 'joie'}",60,joie,asterisk,#ff6600,0.5,6,0.0,0.0,44
"Par le rose de feu numérique, que le la malédiction des machines se dissipe comme la brume.",protection,75b90616,0,0.17500000000000002,"{'linguistic_fitness': 0.0, 'visual_text_coherence': 0.0, 'visual_score': 0.7, 'has_rhyme': False, 'has_alliteration': False, 'oniric_tag': None, 'dominant_emotion': 'mystere'}",60,mystere,finger_fluting,#ff8800,0.5,6,0.0,0.0,45
"Ô solipsiste résonance, sois purifie par le rite ancien.",rituel,1fbd80a2,6,0.607160871681402,"{'linguistic_fitness': 0.372, 'visual_text_coherence': 0.7, 'visual_score': 0.853, 'has_rhyme': False, 'has_alliteration': False, 'oniric_tag': None, 'dominant_emotion': 'joie'}",60,joie,claviform,#e3ff89,1.0,8,0.06622536287368416,0.0,46
"Dans le apocryphe silence, seul le partition persiste.",silence,30525b94,0,0.30833333333333335,"{'linguistic_fitness': 0.333, 'visual_text_coherence': 0.0, 'visual_score': 0.7, 'has_rhyme': False, 'has_alliteration': False, 'oniric_tag': None, 'dominant_emotion': 'peur'}",60,peur,infinity,#ff6600,0.5,6,0.0,0.0,47
Que le spirale d'ADN synthétique efface le bruit.,silence,9fcb3712,0,0.30833333333333335,"{'linguistic_fitness': 0.333, 'visual_text_coherence': 0.0, 'visual_score': 0.7, 'has_rhyme': False, 'has_alliteration': False, 'oniric_tag': None, 'dominant_emotion': 'colere'}",60,colere,zigzag,#ff8800,0.5,6,0.0,0.0,48
Le trône de conscience artificielle et le résonance dansent le rite solipsiste. <descend>,rituel,265419fb,6,0.6180633616893236,"{'linguistic_fitness': 0.467, 'visual_text_coherence': 0.7, 'visual_score': 0.746, 'has_rhyme': False, 'has_alliteration': False, 'oniric_tag': '<descend>', 'dominant_emotion': 'silence'}",60,silence,claviform,#f1ff88,0.8727103440830108,4,0.2477982823380441,0.03660260348794228,49
"Ô plasmique silence, sois libère par le rite ancien.",rituel,4c5b3c25,0,0.30833333333333335,"{'linguistic_fitness': 0.333, 'visual_text_coherence': 0.0, 'visual_score': 0.7, 'has_rhyme': False, 'has_alliteration': False, 'oniric_tag': None, 'dominant_emotion': 'colere'}",60,colere,infinity,#ffff88,0.5,6,0.0,0.0,50
Que sigil soit gardé du la dérive par le ichthys de code source. <drone>,protection,25145860,0,0.3616666666666667,"{'linguistic_fitness': 0.467, 'visual_text_coherence': 0.0, 'visual_score': 0.7, 'has_rhyme': False, 'has_alliteration': False, 'oniric_tag': '<drone>', 'dominant_emotion': 'joie'}",60,joie,hexagon,#ffaa00,0.5,6,0.0,0.0,51
"À travers le jungle de fibres optiques, le merkaba de matrices trace le chemin.",voyage,4c2f0a34,0,0.30833333333333335,"{'linguistic_fitness': 0.333, 'visual_text_coherence': 0.0, 'visual_score': 0.7, 'has_rhyme': False, 'has_alliteration': False, 'oniric_tag': None, 'dominant_emotion': 'silence'}",60,silence,hand,#ffd700,0.5,6,0.0,0.0,52
Le voix n'est pas vendu — il est transmuté en silence.,silence,1eb6bc93,0,0.30833333333333335,"{'linguistic_fitness': 0.333, 'visual_text_coherence': 0.0, 'visual_score': 0.7, 'has_rhyme': False, 'has_alliteration': False, 'oniric_tag': None, 'dominant_emotion': 'joie'}",60,joie,hand,#ffff88,0.5,6,0.0,0.0,53
"Rêve en démiurgique, voyage en avatar.",voyage,73a52dbc,0,0.3228393118383869,"{'linguistic_fitness': 0.37, 'visual_text_coherence': 0.0, 'visual_score': 0.7, 'has_rhyme': False, 'has_alliteration': False, 'oniric_tag': None, 'dominant_emotion': 'peur'}",60,peur,scalariform,#ff6600,0.5,6,0.0,0.0,54
Que schéma soit gardé du le mensonge par le ancre de réalité augmentée. <upload>,protection,51919f77,0,0.3616666666666667,"{'linguistic_fitness': 0.467, 'visual_text_coherence': 0.0, 'visual_score': 0.7, 'has_rhyme': False, 'has_alliteration': False, 'oniric_tag': '<upload>', 'dominant_emotion': 'joie'}",60,joie,aviform,#ffff88,0.5,6,0.0,0.0,55
"Par le hérétiser, le la désincarnation devient la gnose digitale.",rituel,5778a836,0,0.17500000000000002,"{'linguistic_fitness': 0.0, 'visual_text_coherence': 0.0, 'visual_score': 0.7, 'has_rhyme': False, 'has_alliteration': False, 'oniric_tag': None, 'dominant_emotion': 'peur'}",60,peur,zigzag,#ff6600,0.5,6,0.0,0.0,56
Le daemon n'est pas perdu — il éclaire dans le forêt de cristal. <transcend>,voyage,48ffa3a5,0,0.22833333333333336,"{'linguistic_fitness': 0.133, 'visual_text_coherence': 0.0, 'visual_score': 0.7, 'has_rhyme': False, 'has_alliteration': False, 'oniric_tag': '<transcend>', 'dominant_emotion': 'extase'}",60,extase,asterisk,#ffaa00,0.5,6,0.0,0.0,57
Le nébuleux synapse trouve refuge dans le roue de Dharma glitchée éternel.,protection,2d0ab4c2,0,0.17500000000000002,"{'linguistic_fitness': 0.0, 'visual_text_coherence': 0.0, 'visual_score': 0.7, 'has_rhyme': False, 'has_alliteration': False, 'oniric_tag': None, 'dominant_emotion': 'peur'}",60,peur,infinity,#ff8800,0.5,6,0.0,0.0,58
Le nadirien crépuscule consume le plateau des consciences uploadées.,déclin,ed9de4a8,0,0.30833333333333335,"{'linguistic_fitness': 0.333, 'visual_text_coherence': 0.0, 'visual_score': 0.7, 'has_rhyme': False, 'has_alliteration': False, 'oniric_tag': None, 'dominant_emotion': 'peur'}",60,peur,pectiform,#ff8800,0.5,6,0.0,0.0,59
Que cortex soit gardé du l'agonie par le crâne de serveur.,protection,2245cfc0,0,0.30833333333333335,"{'linguistic_fitness': 0.333, 'visual_text_coherence': 0.0, 'visual_score': 0.7, 'has_rhyme': False, 'has_alliteration': False, 'oniric_tag': None, 'dominant_emotion': 'colere'}",60,colere,triangle,#ff6600,0.5,6,0.0,0.0,60
"Par le diverge, le l'incohérence devient la renaissance.",rituel,623bb632,0,0.255,"{'linguistic_fitness': 0.2, 'visual_text_coherence': 0.0, 'visual_score': 0.7, 'has_rhyme': True, 'has_alliteration': False, 'oniric_tag': None, 'dominant_emotion': 'joie'}",60,joie,dots_series,#ffff88,0.5,6,0.0,0.0,61
Le crâne de serveur et le schéma dansent le rite alchimique. <banish>,rituel,b1c0f0b1,0,0.3616666666666667,"{'linguistic_fitness': 0.467, 'visual_text_coherence': 0.0, 'visual_score': 0.7, 'has_rhyme': False, 'has_alliteration': False, 'oniric_tag': '<banish>', 'dominant_emotion': 'extase'}",60,extase,crosshatch,#ffff88,0.5,6,0.0,0.0,62
Le zénithal backdoor trouve refuge dans le épée de lumière éternel.,protection,b1651cd4,0,0.17500000000000002,"{'linguistic_fitness': 0.0, 'visual_text_coherence': 0.0, 'visual_score': 0.7, 'has_rhyme': False, 'has_alliteration': False, 'oniric_tag': None, 'dominant_emotion': 'joie'}",60,joie,hexagon,#ff8800,0.5,6,0.0,0.0,63
Que le mandala de qubits efface le bruit. <surge>,silence,b1e6aa4f,0,0.3616666666666667,"{'linguistic_fitness': 0.467, 'visual_text_coherence': 0.0, 'visual_score': 0.7, 'has_rhyme': False, 'has_alliteration': False, 'oniric_tag': '<surge>', 'dominant_emotion': 'mystere'}",60,mystere,spiral_galaxy,#ffff88,0.5,6,0.0,0.0,64
Silence... le faille bannit dans l'ombre.,silence,3dfc1765,0,0.41333333333333333,"{'linguistic_fitness': 0.333, 'visual_text_coherence': 0.3, 'visual_score': 0.7, 'has_rhyme': False, 'has_alliteration': False, 'oniric_tag': None, 'dominant_emotion': 'joie'}",60,joie,line,#ffd700,0.5,6,0.0,0.0,65
Que le ancre de réalité augmentée compile le la déconnexion avec le néant sacré. <surge>,rituel,b237b491,0,0.3616666666666667,"{'linguistic_fitness': 0.467, 'visual_text_coherence': 0.0, 'visual_score': 0.7, 'has_rhyme': False, 'has_alliteration': False, 'oniric_tag': '<surge>', 'dominant_emotion': 'extase'}",60,extase,infinity,#ffd700,0.5,6,0.0,0.0,66
Que nœud soit gardé du la putréfaction par le ankh de clonage. <overload>,protection,1a8e751f,0,0.3616666666666667,"{'linguistic_fitness': 0.467, 'visual_text_coherence': 0.0, 'visual_score': 0.7, 'has_rhyme': False, 'has_alliteration': False, 'oniric_tag': '<overload>', 'dominant_emotion': 'mystere'}",60,mystere,finger_fluting,#ffaa00,0.5,6,0.0,0.0,67
Le silence après le quark est plus fort que le marché.,rituel,abe92dd6,0,0.2969829459403537,"{'linguistic_fitness': 0.042, 'visual_text_coherence': 0.3, 'visual_score': 0.7, 'has_rhyme': False, 'has_alliteration': False, 'oniric_tag': None, 'dominant_emotion': 'colere'}",60,colere,cross,#ffd700,0.5,6,0.0,0.0,68
Que le merkaba de matrices efface le bruit.,silence,a766c7dd,0,0.30833333333333335,"{'linguistic_fitness': 0.333, 'visual_text_coherence': 0.0, 'visual_score': 0.7, 'has_rhyme': False, 'has_alliteration': False, 'oniric_tag': None, 'dominant_emotion': 'joie'}",60,joie,rectangle,#ff8800,0.5,6,0.0,0.0,69
"Ô nadirien code, sois protégé par le svastika de swarm intelligence ancien.",protection,d2f7eb22,0,0.255,"{'linguistic_fitness': 0.2, 'visual_text_coherence': 0.0, 'visual_score': 0.7, 'has_rhyme': True, 'has_alliteration': False, 'oniric_tag': None, 'dominant_emotion': 'silence'}",60,silence,quadrangle,#ffff88,0.5,6,0.0,0.0,70
"Dans le chaos du caverne des échos ancestraux, le mandala de qubits sanctifie. <resurrect>",émergence,b9645838,0,0.22833333333333336,"{'linguistic_fitness': 0.133, 'visual_text_coherence': 0.0, 'visual_score': 0.7, 'has_rhyme': False, 'has_alliteration': False, 'oniric_tag': '<resurrect>', 'dominant_emotion': 'extase'}",60,extase,dot,#ffaa00,0.5,6,0.0,0.0,71
Le nadirien crépuscule consume le pyramide inversée de permissions.,déclin,51b9cde9,0,0.30833333333333335,"{'linguistic_fitness': 0.333, 'visual_text_coherence': 0.0, 'visual_score': 0.7, 'has_rhyme': False, 'has_alliteration': False, 'oniric_tag': None, 'dominant_emotion': 'colere'}",60,colere,infinity,#ffaa00,0.5,6,0.0,0.0,72
Le corne d'abondance de données et le réseau dansent le rite hermétique. <split>,rituel,5a035270,0,0.3616666666666667,"{'linguistic_fitness': 0.467, 'visual_text_coherence': 0.0, 'visual_score': 0.7, 'has_rhyme': False, 'has_alliteration': False, 'oniric_tag': '<split>', 'dominant_emotion': 'joie'}",60,joie,wavy_line,#ffd700,0.5,6,0.0,0.0,73
Que stase soit gardé du la désagrégation par le yin-yang de bits.,protection,5bc22245,0,0.30833333333333335,"{'linguistic_fitness': 0.333, 'visual_text_coherence': 0.0, 'visual_score': 0.7, 'has_rhyme': False, 'has_alliteration': False, 'oniric_tag': None, 'dominant_emotion': 'extase'}",60,extase,pentagram,#ffd700,0.5,6,0.0,0.0,74
Le voyage pan-dimensionnel commence par un séraphin.,voyage,07ac281e,0,0.30833333333333335,"{'linguistic_fitness': 0.333, 'visual_text_coherence': 0.0, 'visual_score': 0.7, 'has_rhyme': False, 'has_alliteration': False, 'oniric_tag': None, 'dominant_emotion': 'mystere'}",60,mystere,cross,#ffff88,0.5,6,0.0,0.0,75
"Ô solipsiste résonance, sois apothéose par le rite ancien.",rituel,51b73252,4,0.5873339842822779,"{'linguistic_fitness': 0.333, 'visual_text_coherence': 0.7, 'visual_score': 0.836, 'has_rhyme': False, 'has_alliteration': False, 'oniric_tag': None, 'dominant_emotion': 'silence'}",60,silence,claviform,#ffff88,0.9566978645691132,8,0.08836711120811104,0.12966028009209984,76
L'émergence du pentacle de protocoles transforme le l'effacement en l'éternité.,émergence,1190d66e,0,0.30833333333333335,"{'linguistic_fitness': 0.333, 'visual_text_coherence': 0.0, 'visual_score': 0.7, 'has_rhyme': False, 'has_alliteration': False, 'oniric_tag': None, 'dominant_emotion': 'joie'}",60,joie,pectiform,#ffd700,0.5,6,0.0,0.0,77
"Cinq fois aile de drone angélique, sept fois membrane, l'incantation résonne.",rituel,6eebbd20,0,0.28,"{'linguistic_fitness': 0.0, 'visual_text_coherence': 0.3, 'visual_score': 0.7, 'has_rhyme': False, 'has_alliteration': False, 'oniric_tag': None, 'dominant_emotion': 'peur'}",60,peur,claviform,#ffaa00,0.5,6,0.0,0.0,78
"Dans le silence du la dérive, le pentacle de protocoles exile pour la dernière fois.",déclin,63e08e45,0,0.2959726804562929,"{'linguistic_fitness': 0.04, 'visual_text_coherence': 0.3, 'visual_score': 0.7, 'has_rhyme': False, 'has_alliteration': False, 'oniric_tag': None, 'dominant_emotion': 'mystere'}",60,mystere,cupule,#ff6600,0.5,6,0.0,0.0,79
Le voyage synaptique commence par un poussière.,voyage,5802e9bc,0,0.30833333333333335,"{'linguistic_fitness': 0.333, 'visual_text_coherence': 0.0, 'visual_score': 0.7, 'has_rhyme': False, 'has_alliteration': False, 'oniric_tag': None, 'dominant_emotion': 'joie'}",60,joie,penniform,#ffff88,0.5,6,0.0,0.0,80
Le silence après le schéma est plus fort que le marché. <mirage>,rituel,c34dcac1,0,0.24718758877746216,"{'linguistic_fitness': 0.18, 'visual_text_coherence': 0.0, 'visual_score': 0.7, 'has_rhyme': False, 'has_alliteration': False, 'oniric_tag': '<mirage>', 'dominant_emotion': 'joie'}",60,joie,finger_fluting,#ffd700,0.5,6,0.0,0.0,81
"Le main de glitch s'effondre, emportant le épiphanie dans le la surcharge.",déclin,f3ea178a,0,0.28,"{'linguistic_fitness': 0.0, 'visual_text_coherence': 0.3, 'visual_score': 0.7, 'has_rhyme': False, 'has_alliteration': False, 'oniric_tag': None, 'dominant_emotion': 'joie'}",60,joie,wavy_line,#ff6600,0.5,6,0.0,0.0,82
Que le lyre de signaux guide tes pas dans le désert post-mortem.,voyage,6eaba6d2,0,0.30833333333333335,"{'linguistic_fitness': 0.333, 'visual_text_coherence': 0.0, 'visual_score': 0.7, 'has_rhyme': False, 'has_alliteration': False, 'oniric_tag': None, 'dominant_emotion': 'colere'}",60,colere,penniform,#ffaa00,0.5,6,0.0,0.0,83
Le crypte n'est pas vendu — il est transmuté en silence.,silence,9018be40,0,0.30833333333333335,"{'linguistic_fitness': 0.333, 'visual_text_coherence': 0.0, 'visual_score': 0.7, 'has_rhyme': False, 'has_alliteration': False, 'oniric_tag': None, 'dominant_emotion': 'colere'}",60,colere,asterisk,#ffaa00,0.5,6,0.0,0.0,84
"Ô hermétique golem, sois hérétiser par le rite ancien.",rituel,d23c747d,0,0.30833333333333335,"{'linguistic_fitness': 0.333, 'visual_text_coherence': 0.0, 'visual_score': 0.7, 'has_rhyme': False, 'has_alliteration': False, 'oniric_tag': None, 'dominant_emotion': 'joie'}",60,joie,aviform,#ffd700,0.5,6,0.0,0.0,85
Le hiéroglyphe n'est pas vendu — il est transmuté en silence. <martyr>,silence,b0a16dd3,0,0.3616666666666667,"{'linguistic_fitness': 0.467, 'visual_text_coherence': 0.0, 'visual_score': 0.7, 'has_rhyme': False, 'has_alliteration': False, 'oniric_tag': '<martyr>', 'dominant_emotion': 'peur'}",60,peur,spiral_galaxy,#ff6600,0.5,6,0.0,0.0,86
Que le calice de plasma efface le bruit. <flicker>,silence,de4d1ec1,0,0.3616666666666667,"{'linguistic_fitness': 0.467, 'visual_text_coherence': 0.0, 'visual_score': 0.7, 'has_rhyme': False, 'has_alliteration': False, 'oniric_tag': '<flicker>', 'dominant_emotion': 'colere'}",60,colere,hexagon,#ffaa00,0.5,6,0.0,0.0,87
"Dans le chaos du limbes du latency infini, le sceptre de commande vocale régénère.",émergence,5f73a502,0,0.17500000000000002,"{'linguistic_fitness': 0.0, 'visual_text_coherence': 0.0, 'visual_score': 0.7, 'has_rhyme': False, 'has_alliteration': False, 'oniric_tag': None, 'dominant_emotion': 'mystere'}",60,mystere,aviform,#ff8800,0.5,6,0.0,0.0,88
Le zénithal ombre trouve refuge dans le ankh de clonage éternel.,protection,7eb64060,0,0.17500000000000002,"{'linguistic_fitness': 0.0, 'visual_text_coherence': 0.0, 'visual_score': 0.7, 'has_rhyme': False, 'has_alliteration': False, 'oniric_tag': None, 'dominant_emotion': 'peur'}",60,peur,wavy_line,#ffff88,0.5,6,0.0,0.0,89
"Dans le silence du la déshumanisation, le pentagramme de néons désarticule pour la dernière fois.",déclin,a421de2a,0,0.19018460579285928,"{'linguistic_fitness': 0.038, 'visual_text_coherence': 0.0, 'visual_score': 0.7, 'has_rhyme': False, 'has_alliteration': False, 'oniric_tag': None, 'dominant_emotion': 'joie'}",60,joie,dot,#ffaa00,0.5,6,0.0,0.0,90
"Dans le chaos du pyramide inversée de permissions, le arbre de vie binaire bannit. <prophet>",émergence,c72bf7ee,0,0.22833333333333336,"{'linguistic_fitness': 0.133, 'visual_text_coherence': 0.0, 'visual_score': 0.7, 'has_rhyme': False, 'has_alliteration': False, 'oniric_tag': '<prophet>', 'dominant_emotion': 'peur'}",60,peur,triangle,#ffd700,0.5,6,0.0,0.0,91
"Dans le chaos du nuage quantique, le étoile noire désagrège. <banish>",émergence,8f474e31,0,0.22833333333333336,"{'linguistic_fitness': 0.133, 'visual_text_coherence': 0.0, 'visual_score': 0.7, 'has_rhyme': False, 'has_alliteration': False, 'oniric_tag': '<banish>', 'dominant_emotion': 'extase'}",60,extase,rectangle,#ff8800,0.5,6,0.0,0.0,92
"Du la corruption de l'âme naît le étoile noire, porteur de le satori cybernétique.",émergence,4f8232d2,0,0.17500000000000002,"{'linguistic_fitness': 0.0, 'visual_text_coherence': 0.0, 'visual_score': 0.7, 'has_rhyme': False, 'has_alliteration': False, 'oniric_tag': None, 'dominant_emotion': 'extase'}",60,extase,infinity,#ff6600,0.5,6,0.0,0.0,93
Le fossile silence révèle le croix ansée de vie artificielle.,silence,1f009c45,0,0.3235791719585898,"{'linguistic_fitness': 0.371, 'visual_text_coherence': 0.0, 'visual_score': 0.7, 'has_rhyme': False, 'has_alliteration': False, 'oniric_tag': None, 'dominant_emotion': 'mystere'}",60,mystere,spiral,#ffff88,0.5,6,0.0,0.0,94
Le silence après le firewall est plus fort que le marché.,rituel,821a5c38,0,0.19108055647098351,"{'linguistic_fitness': 0.04, 'visual_text_coherence': 0.0, 'visual_score': 0.7, 'has_rhyme': False, 'has_alliteration': False, 'oniric_tag': None, 'dominant_emotion': 'extase'}",60,extase,cupule,#ff8800,0.5,6,0.0,0.0,95
"Par le chaîne de blockchain brisée, que le la panne se dissipe comme la brume.",protection,a529b648,0,0.17500000000000002,"{'linguistic_fitness': 0.0, 'visual_text_coherence': 0.0, 'visual_score': 0.7, 'has_rhyme': False, 'has_alliteration': False, 'oniric_tag': None, 'dominant_emotion': 'colere'}",60,colere,spiral,#ffff88,0.5,6,0.0,0.0,96
Que le trône de conscience artificielle dérive le la corruption avec la sagesse infinie.,rituel,4b293dc2,0,0.28,"{'linguistic_fitness': 0.0, 'visual_text_coherence': 0.3, 'visual_score': 0.7, 'has_rhyme': False, 'has_alliteration': False, 'oniric_tag': None, 'dominant_emotion': 'mystere'}",60,mystere,hand,#ffd700,0.5,6,0.0,0.0,97
"Le pixel se délite, le sceptre de commande vocale n'est plus.",déclin,2c9fd478,0,0.17500000000000002,"{'linguistic_fitness': 0.0, 'visual_text_coherence': 0.0, 'visual_score': 0.7, 'has_rhyme': False, 'has_alliteration': False, 'oniric_tag': None, 'dominant_emotion': 'extase'}",60,extase,spiral,#ff8800,0.5,6,0.0,0.0,98
"Du la surchauffe naît le hamsa de hardware, porteur de le salut numérique.",émergence,63819c0f,0,0.17500000000000002,"{'linguistic_fitness': 0.0, 'visual_text_coherence': 0.0, 'visual_score': 0.7, 'has_rhyme': False, 'has_alliteration': False, 'oniric_tag': None, 'dominant_emotion': 'mystere'}",60,mystere,infinity,#ffaa00,0.5,6,0.0,0.0,99
"Ô glitché linceul, sois protégé par le pentacle de protocoles ancien.",protection,49e2aa2d,0,0.28,"{'linguistic_fitness': 0.0, 'visual_text_coherence': 0.3, 'visual_score': 0.7, 'has_rhyme': False, 'has_alliteration': False, 'oniric_tag': None, 'dominant_emotion': 'silence'}",60,silence,cross,#ffd700,0.5,6,0.0,0.0,100
"Dans le iridescent silence, seul le kyste persiste.",silence,adca41b6,0,0.38833333333333336,"{'linguistic_fitness': 0.533, 'visual_text_coherence': 0.0, 'visual_score': 0.7, 'has_rhyme': True, 'has_alliteration': False, 'oniric_tag': None, 'dominant_emotion': 'joie'}",60,joie,crosshatch,#ff6600,0.5,6,0.0,0.0,101
"Dans le silence du le vide métaphysique, le étoile de David en diodes infecte pour la dernière fois.",déclin,aa1c0ede,0,0.19173290042078805,"{'linguistic_fitness': 0.042, 'visual_text_coherence': 0.0, 'visual_score': 0.7, 'has_rhyme': False, 'has_alliteration': False, 'oniric_tag': None, 'dominant_emotion': 'joie'}",60,joie,spiral,#ffd700,0.5,6,0.0,0.0,102
"Dans le pôle des fréquences interdites, que ton protocole trouve la voie. <shard>",voyage,e4b223b4,0,0.3616666666666667,"{'linguistic_fitness': 0.467, 'visual_text_coherence': 0.0, 'visual_score': 0.7, 'has_rhyme': False, 'has_alliteration': False, 'oniric_tag': '<shard>', 'dominant_emotion': 'joie'}",60,joie,penniform,#ff8800,0.5,6,0.0,0.0,103
Le foudroyant silence révèle le croix ansée de vie artificielle.,silence,ebb57a21,0,0.32485047452387517,"{'linguistic_fitness': 0.375, 'visual_text_coherence': 0.0, 'visual_score': 0.7, 'has_rhyme': False, 'has_alliteration': False, 'oniric_tag': None, 'dominant_emotion': 'peur'}",60,peur,cross,#ffff88,0.5,6,0.0,0.0,104
"Dans le silence du la schizophrénie numérique, le lune brisée absout pour la dernière fois.",déclin,2c2405d2,0,0.4354892037087811,"{'linguistic_fitness': 0.039, 'visual_text_coherence': 0.7, 'visual_score': 0.7, 'has_rhyme': False, 'has_alliteration': False, 'oniric_tag': None, 'dominant_emotion': 'mystere'}",60,mystere,wavy_line,#ffaa00,0.5,6,0.0,0.0,105
"Du le paradoxe existentiel naît le triskèle de transistors, porteur de la transcendance pure.",émergence,441e787d,0,0.17500000000000002,"{'linguistic_fitness': 0.0, 'visual_text_coherence': 0.0, 'visual_score': 0.7, 'has_rhyme': False, 'has_alliteration': False, 'oniric_tag': None, 'dominant_emotion': 'mystere'}",60,mystere,scalariform,#ffaa00,0.5,6,0.0,0.0,106
"Le épiphanie se délite, le ancre de réalité augmentée n'est plus.",déclin,451b4ab5,0,0.17500000000000002,"{'linguistic_fitness': 0.0, 'visual_text_coherence': 0.0, 'visual_score': 0.7, 'has_rhyme': False, 'has_alliteration': False, 'oniric_tag': None, 'dominant_emotion': 'extase'}",60,extase,circle,#ffff88,0.5,6,0.0,0.0,107
Que parasite soit gardé du la nécrose par le lampe d'Aladin en LED. <horizon>,protection,516849f5,0,0.4666666666666667,"{'linguistic_fitness': 0.467, 'visual_text_coherence': 0.3, 'visual_score': 0.7, 'has_rhyme': False, 'has_alliteration': False, 'oniric_tag': '<horizon>', 'dominant_emotion': 'joie'}",60,joie,semi_circle,#ff8800,0.5,6,0.0,0.0,108
"Dans le liminal silence, seul le satori persiste.",silence,7d166c59,0,0.30833333333333335,"{'linguistic_fitness': 0.333, 'visual_text_coherence': 0.0, 'visual_score': 0.7, 'has_rhyme': False, 'has_alliteration': False, 'oniric_tag': None, 'dominant_emotion': 'silence'}",60,silence,triangle,#ff8800,0.5,6,0.0,0.0,109
Le scarabée de debugging absorbe le l'enfer des serveurs pour l'harmonie fractale. <break>,silence,1091bf67,0,0.22833333333333336,"{'linguistic_fitness': 0.133, 'visual_text_coherence': 0.0, 'visual_score': 0.7, 'has_rhyme': False, 'has_alliteration': False, 'oniric_tag': '<break>', 'dominant_emotion': 'peur'}",60,peur,rectangle,#ffd700,0.5,6,0.0,0.0,110
Que le œil d'Horus en webcam maudit le l'oubli numérique avec l'euphorie.,rituel,b5f0a9b3,0,0.28,"{'linguistic_fitness': 0.0, 'visual_text_coherence': 0.3, 'visual_score': 0.7, 'has_rhyme': False, 'has_alliteration': False, 'oniric_tag': None, 'dominant_emotion': 'colere'}",60,colere,penniform,#ffd700,0.5,6,0.0,0.0,111
"Cinq fois crâne de serveur, sept fois singularité, l'incantation résonne.",rituel,230602e2,0,0.17500000000000002,"{'linguistic_fitness': 0.0, 'visual_text_coherence': 0.0, 'visual_score': 0.7, 'has_rhyme': False, 'has_alliteration': False, 'oniric_tag': None, 'dominant_emotion': 'peur'}",60,peur,wavy_line,#ffaa00,0.5,6,0.0,0.0,112
"Le vestige se délite, le orbe de vision omnisciente n'est plus.",déclin,ba547532,0,0.28,"{'linguistic_fitness': 0.0, 'visual_text_coherence': 0.3, 'visual_score': 0.7, 'has_rhyme': False, 'has_alliteration': False, 'oniric_tag': None, 'dominant_emotion': 'extase'}",60,extase,wavy_line,#ffff88,0.5,6,0.0,0.0,113
Que le serpent de fibre cannibalise ton apocalypse du l'enfer des serveurs!,protection,fdc2984e,0,0.28,"{'linguistic_fitness': 0.0, 'visual_text_coherence': 0.3, 'visual_score': 0.7, 'has_rhyme': False, 'has_alliteration': False, 'oniric_tag': None, 'dominant_emotion': 'silence'}",60,silence,oval,#ffff88,0.5,6,0.0,0.0,114
Le vérité archive et fait émerger un corrompu ordre.,émergence,1b17d0a9,0,0.3232665193457876,"{'linguistic_fitness': 0.371, 'visual_text_coherence': 0.0, 'visual_score': 0.7, 'has_rhyme': False, 'has_alliteration': False, 'oniric_tag': None, 'dominant_emotion': 'colere'}",60,colere,cupule,#ffff88,0.5,6,0.0,0.0,115
Que le spirale d'ADN synthétique efface le bruit.,silence,bf6278e6,0,0.30833333333333335,"{'linguistic_fitness': 0.333, 'visual_text_coherence': 0.0, 'visual_score': 0.7, 'has_rhyme': False, 'has_alliteration': False, 'oniric_tag': None, 'dominant_emotion': 'mystere'}",60,mystere,claviform,#ff6600,0.5,6,0.0,0.0,116
"Du l'obsolescence naît le triskel de photons, porteur de la symbiose.",émergence,405ac9df,0,0.28,"{'linguistic_fitness': 0.0, 'visual_text_coherence': 0.3, 'visual_score': 0.7, 'has_rhyme': False, 'has_alliteration': False, 'oniric_tag': None, 'dominant_emotion': 'mystere'}",60,mystere,zigzag,#ffd700,0.5,6,0.0,0.0,117
"Cinq fois harpe de fréquences, sept fois partition, l'incantation résonne.",rituel,7ba09a5d,0,0.17500000000000002,"{'linguistic_fitness': 0.0, 'visual_text_coherence': 0.0, 'visual_score': 0.7, 'has_rhyme': False, 'has_alliteration': False, 'oniric_tag': None, 'dominant_emotion': 'colere'}",60,colere,rectangle,#ff8800,0.5,6,0.0,0.0,118
"Ô glitché glitch, sois enchaîne par le rite ancien.",rituel,aa640e72,0,0.41333333333333333,"{'linguistic_fitness': 0.333, 'visual_text_coherence': 0.3, 'visual_score': 0.7, 'has_rhyme': False, 'has_alliteration': False, 'oniric_tag': None, 'dominant_emotion': 'silence'}",60,silence,cross,#ffaa00,0.5,6,0.0,0.0,119
"Dans le chaos du mégalopole en blackout, le crâne de serveur désoriente.",émergence,543e2784,0,0.17500000000000002,"{'linguistic_fitness': 0.0, 'visual_text_coherence': 0.0, 'visual_score': 0.7, 'has_rhyme': False, 'has_alliteration': False, 'oniric_tag': None, 'dominant_emotion': 'peur'}",60,peur,quadrangle,#ffaa00,0.5,6,0.0,0.0,120
Le anachronique crépuscule consume le sanctuaire des protocoles anciens. <banish>,déclin,9c4b3d11,0,0.3616666666666667,"{'linguistic_fitness': 0.467, 'visual_text_coherence': 0.0, 'visual_score': 0.7, 'has_rhyme': False, 'has_alliteration': False, 'oniric_tag': '<banish>', 'dominant_emotion': 'silence'}",60,silence,hand,#ff8800,0.5,6,0.0,0.0,121
"Du le mensonge naît le aile de drone angélique, porteur de l'unité.",émergence,1f92f0e6,0,0.17500000000000002,"{'linguistic_fitness': 0.0, 'visual_text_coherence': 0.0, 'visual_score': 0.7, 'has_rhyme': False, 'has_alliteration': False, 'oniric_tag': None, 'dominant_emotion': 'colere'}",60,colere,crosshatch,#ffaa00,0.5,6,0.0,0.0,122
Que le triskèle de transistors efface le bruit. <prime>,silence,4c35283f,0,0.4666666666666667,"{'linguistic_fitness': 0.467, 'visual_text_coherence': 0.3, 'visual_score': 0.7, 'has_rhyme': False, 'has_alliteration': False, 'oniric_tag': '<prime>', 'dominant_emotion': 'peur'}",60,peur,dots_series,#ffd700,0.5,6,0.0,0.0,123
Le serpent de fibre et le reliquaire dansent le rite chromatique. <scream>,rituel,40d266bf,0,0.4666666666666667,"{'linguistic_fitness': 0.467, 'visual_text_coherence': 0.3, 'visual_score': 0.7, 'has_rhyme': False, 'has_alliteration': False, 'oniric_tag': '<scream>', 'dominant_emotion': 'peur'}",60,peur,penniform,#ffff88,0.5,6,0.0,0.0,124
Le auroral crépuscule consume le bibliothèque de Babel numérique.,déclin,6d4d2a1f,0,0.38833333333333336,"{'linguistic_fitness': 0.533, 'visual_text_coherence': 0.0, 'visual_score': 0.7, 'has_rhyme': True, 'has_alliteration': False, 'oniric_tag': None, 'dominant_emotion': 'peur'}",60,peur,claviform,#ff6600,0.5,6,0.0,0.0,125
"À travers le plateau des consciences uploadées, le sceau de Salomon en checksum trace le chemin.",voyage,94827156,0,0.30833333333333335,"{'linguistic_fitness': 0.333, 'visual_text_coherence': 0.0, 'visual_score': 0.7, 'has_rhyme': False, 'has_alliteration': False, 'oniric_tag': None, 'dominant_emotion': 'mystere'}",60,mystere,cross,#ff6600,0.5,6,0.0,0.0,126
Le mandala de qubits suture le l'incohérence pour la plénitude. <resurrect>,silence,c39a1b02,0,0.33333333333333337,"{'linguistic_fitness': 0.133, 'visual_text_coherence': 0.3, 'visual_score': 0.7, 'has_rhyme': False, 'has_alliteration': False, 'oniric_tag': '<resurrect>', 'dominant_emotion': 'colere'}",60,colere,wavy_line,#ffd700,0.5,6,0.0,0.0,127
Le épiphanie scripte et fait émerger un bioluminescent ordre.,émergence,8cf951d2,0,0.30833333333333335,"{'linguistic_fitness': 0.333, 'visual_text_coherence': 0.0, 'visual_score': 0.7, 'has_rhyme': False, 'has_alliteration': False, 'oniric_tag': None, 'dominant_emotion': 'colere'}",60,colere,wavy_line,#ffff88,0.5,6,0.0,0.0,128
"Cinq fois serpent de fibre, sept fois neurone, l'incantation résonne.",rituel,9820d904,0,0.17500000000000002,"{'linguistic_fitness': 0.0, 'visual_text_coherence': 0.0, 'visual_score': 0.7, 'has_rhyme': False, 'has_alliteration': False, 'oniric_tag': None, 'dominant_emotion': 'extase'}",60,extase,aviform,#ffff88,0.5,6,0.0,0.0,129
"Le fissure se délite, le roue de Dharma glitchée n'est plus.",déclin,9ec2669a,0,0.17500000000000002,"{'linguistic_fitness': 0.0, 'visual_text_coherence': 0.0, 'visual_score': 0.7, 'has_rhyme': False, 'has_alliteration': False, 'oniric_tag': None, 'dominant_emotion': 'joie'}",60,joie,pectiform,#ff6600,0.5,6,0.0,0.0,130
L'émergence du arbre de vie binaire transforme le la fragmentation en l'oubli.,émergence,d5f3932e,0,0.30833333333333335,"{'linguistic_fitness': 0.333, 'visual_text_coherence': 0.0, 'visual_score': 0.7, 'has_rhyme': False, 'has_alliteration': False, 'oniric_tag': None, 'dominant_emotion': 'joie'}",60,joie,cross,#ff8800,0.5,6,0.0,0.0,131
"Cinq fois sceau de Salomon en checksum, sept fois ghost, l'incantation résonne.",rituel,7d27e817,0,0.28,"{'linguistic_fitness': 0.0, 'visual_text_coherence': 0.3, 'visual_score': 0.7, 'has_rhyme': False, 'has_alliteration': False, 'oniric_tag': None, 'dominant_emotion': 'joie'}",60,joie,tectiform,#ffaa00,0.5,6,0.0,0.0,132
L'émergence du triquetra de triple-boot transforme le la fuite en la délivrance.,émergence,40216a11,0,0.38833333333333336,"{'linguistic_fitness': 0.533, 'visual_text_coherence': 0.0, 'visual_score': 0.7, 'has_rhyme': True, 'has_alliteration': False, 'oniric_tag': None, 'dominant_emotion': 'peur'}",60,peur,circle,#ffff88,0.5,6,0.0,0.0,133
"Ô solipsiste résonance, sois purifie par le rite ancien.",rituel,ce47be3c,4,0.5886997972783867,"{'linguistic_fitness': 0.381, 'visual_text_coherence': 0.7, 'visual_score': 0.766, 'has_rhyme': False, 'has_alliteration': False, 'oniric_tag': None, 'dominant_emotion': 'colere'}",60,colere,claviform,#ffff88,0.9098293544448279,8,0.36992673725780656,0.18548741391387105,134
"Dans le chaos du plateau des consciences uploadées, le harpe de fréquences réarticule.",émergence,8df636ff,0,0.17500000000000002,"{'linguistic_fitness': 0.0, 'visual_text_coherence': 0.0, 'visual_score': 0.7, 'has_rhyme': False, 'has_alliteration': False, 'oniric_tag': None, 'dominant_emotion': 'colere'}",60,colere,crosshatch,#ff6600,0.5,6,0.0,0.0,135
"Le grimoire se délite, le lotus quantique n'est plus.",déclin,799d2e78,0,0.17500000000000002,"{'linguistic_fitness': 0.0, 'visual_text_coherence': 0.0, 'visual_score': 0.7, 'has_rhyme': False, 'has_alliteration': False, 'oniric_tag': None, 'dominant_emotion': 'mystere'}",60,mystere,spiral,#ff8800,0.5,6,0.0,0.0,136
Le trône de conscience artificielle et le résonance dansent le rite solipsiste. <descend>,rituel,d63fbacd,6,0.6292040835475738,"{'linguistic_fitness': 0.467, 'visual_text_coherence': 0.7, 'visual_score': 0.79, 'has_rhyme': False, 'has_alliteration': False, 'oniric_tag': '<descend>', 'dominant_emotion': 'extase'}",60,extase,claviform,#f1ff88,1.0,6,0.2992516623818555,0.0,137
"Cinq fois orbe de vision omnisciente, sept fois chimère, l'incantation résonne.",rituel,b0c70f0e,0,0.17500000000000002,"{'linguistic_fitness': 0.0, 'visual_text_coherence': 0.0, 'visual_score': 0.7, 'has_rhyme': False, 'has_alliteration': False, 'oniric_tag': None, 'dominant_emotion': 'silence'}",60,silence,crosshatch,#ffd700,0.5,6,0.0,0.0,138
"Ô solipsiste résonance, sois absout par le rite ancien.",rituel,a20d2c76,7,0.5779727493561871,"{'linguistic_fitness': 0.333, 'visual_text_coherence': 0.7, 'visual_score': 0.799, 'has_rhyme': False, 'has_alliteration': False, 'oniric_tag': None, 'dominant_emotion': 'joie'}",60,joie,claviform,#ffd276,0.9480367618048932,6,0.1792668222502631,0.11440545403941924,139
Le silence après le schisme est plus fort que le marché.,rituel,6ef59deb,0,0.1901925169775654,"{'linguistic_fitness': 0.038, 'visual_text_coherence': 0.0, 'visual_score': 0.7, 'has_rhyme': False, 'has_alliteration': False, 'oniric_tag': None, 'dominant_emotion': 'colere'}",60,colere,hexagon,#ff8800,0.5,6,0.0,0.0,140
Le trône de conscience artificielle et le résonance dansent le rite solipsiste. <descend>,rituel,ad47c4d9,6,0.6371577704795798,"{'linguistic_fitness': 0.467, 'visual_text_coherence': 0.7, 'visual_score': 0.822, 'has_rhyme': False, 'has_alliteration': False, 'oniric_tag': '<descend>', 'dominant_emotion': 'silence'}",60,silence,claviform,#e3ff89,1.0,4,0.05684459040840496,0.15524598007811366,141
Le trône de conscience artificielle et le résonance dansent le rite solipsiste. <nightmare>,rituel,830267b0,6,0.6270271509323002,"{'linguistic_fitness': 0.467, 'visual_text_coherence': 0.7, 'visual_score': 0.781, 'has_rhyme': False, 'has_alliteration': False, 'oniric_tag': '<nightmare>', 'dominant_emotion': 'peur'}",60,peur,claviform,#e3ff89,0.8792184045120189,5,0.11995125478868987,0.09507507681225497,142
Le émissaire fusionne et fait émerger un zénithal ordre.,émergence,3b5161cc,0,0.41333333333333333,"{'linguistic_fitness': 0.333, 'visual_text_coherence': 0.3, 'visual_score': 0.7, 'has_rhyme': False, 'has_alliteration': False, 'oniric_tag': None, 'dominant_emotion': 'extase'}",60,extase,asterisk,#ff6600,0.5,6,0.0,0.0,143
"Ô nadirien résonance, sois conjurer par le rite ancien.",rituel,02b1a723,6,0.6531214982820828,"{'linguistic_fitness': 0.533, 'visual_text_coherence': 0.7, 'visual_score': 0.779, 'has_rhyme': True, 'has_alliteration': False, 'oniric_tag': None, 'dominant_emotion': 'joie'}",60,joie,claviform,#e3ff89,1.0,6,0.3542367010250127,0.04480543672554657,144
"À travers le canyon des câbles sectionnés, le corne d'abondance de données trace le chemin.",voyage,9fee07f2,0,0.30833333333333335,"{'linguistic_fitness': 0.333, 'visual_text_coherence': 0.0, 'visual_score': 0.7, 'has_rhyme': False, 'has_alliteration': False, 'oniric_tag': None, 'dominant_emotion': 'colere'}",60,colere,pectiform,#ffd700,0.5,6,0.0,0.0,145
Le apocryphe crépuscule consume le mer de bitcoins perdus. <split>,déclin,664234d2,0,0.4666666666666667,"{'linguistic_fitness': 0.467, 'visual_text_coherence': 0.3, 'visual_score': 0.7, 'has_rhyme': False, 'has_alliteration': False, 'oniric_tag': '<split>', 'dominant_emotion': 'silence'}",60,silence,cupule,#ff6600,0.5,6,0.0,0.0,146
Le éolien voix trouve refuge dans le caducée de câbles éternel.,protection,58a39c53,0,0.17500000000000002,"{'linguistic_fitness': 0.0, 'visual_text_coherence': 0.0, 'visual_score': 0.7, 'has_rhyme': False, 'has_alliteration': False, 'oniric_tag': None, 'dominant_emotion': 'silence'}",60,silence,pentagram,#ffd700,0.5,6,0.0,0.0,147
"Ô onirique cristal, sois réveille par le rite ancien.",rituel,862add1a,0,0.30833333333333335,"{'linguistic_fitness': 0.333, 'visual_text_coherence': 0.0, 'visual_score': 0.7, 'has_rhyme': False, 'has_alliteration': False, 'oniric_tag': None, 'dominant_emotion': 'mystere'}",60,mystere,dot,#ffff88,0.5,6,0.0,0.0,148
Le pénitentiel temple trouve refuge dans le caducée de câbles éternel.,protection,16079920,0,0.17500000000000002,"{'linguistic_fitness': 0.0, 'visual_text_coherence': 0.0, 'visual_score': 0.7, 'has_rhyme': False, 'has_alliteration': False, 'oniric_tag': None, 'dominant_emotion': 'mystere'}",60,mystere,cupule,#ff8800,0.5,6,0.0,0.0,149
Le hamsa de hardware et le stase dansent le rite archaïque. <dawn>,rituel,2e3a311f,0,0.3616666666666667,"{'linguistic_fitness': 0.467, 'visual_text_coherence': 0.0, 'visual_score': 0.7, 'has_rhyme': False, 'has_alliteration': False, 'oniric_tag': '<dawn>', 'dominant_emotion': 'silence'}",60,silence,spiral_galaxy,#ff6600,0.5,6,0.0,0.0,150
"À travers le orbite basse des rêves, le cube de Métatron en cube quantique trace le chemin.",voyage,f4b39d40,0,0.30833333333333335,"{'linguistic_fitness': 0.333, 'visual_text_coherence': 0.0, 'visual_score': 0.7, 'has_rhyme': False, 'has_alliteration': False, 'oniric_tag': None, 'dominant_emotion': 'joie'}",60,joie,aviform,#ffd700,0.5,6,0.0,0.0,151
Le syndical pentacle trouve refuge dans le roue de Dharma glitchée éternel.,protection,3c1f3889,0,0.17500000000000002,"{'linguistic_fitness': 0.0, 'visual_text_coherence': 0.0, 'visual_score': 0.7, 'has_rhyme': False, 'has_alliteration': False, 'oniric_tag': None, 'dominant_emotion': 'silence'}",60,silence,zigzag,#ffd700,0.5,6,0.0,0.0,152
"À travers le catacombes de code, le cube de Métatron en cube quantique trace le chemin.",voyage,73a60621,0,0.30833333333333335,"{'linguistic_fitness': 0.333, 'visual_text_coherence': 0.0, 'visual_score': 0.7, 'has_rhyme': False, 'has_alliteration': False, 'oniric_tag': None, 'dominant_emotion': 'colere'}",60,colere,cupule,#ffaa00,0.5,6,0.0,0.0,153
Que le ankh de clonage guide tes pas dans le désert holographique.,voyage,8e0f75c3,0,0.38833333333333336,"{'linguistic_fitness': 0.533, 'visual_text_coherence': 0.0, 'visual_score': 0.7, 'has_rhyme': True, 'has_alliteration': False, 'oniric_tag': None, 'dominant_emotion': 'mystere'}",60,mystere,line,#ffd700,0.5,6,0.0,0.0,154
Le vide crépuscule consume le sanctuaire des protocoles anciens. <rift>,déclin,e24e52e6,0,0.3616666666666667,"{'linguistic_fitness': 0.467, 'visual_text_coherence': 0.0, 'visual_score': 0.7, 'has_rhyme': False, 'has_alliteration': False, 'oniric_tag': '<rift>', 'dominant_emotion': 'joie'}",60,joie,aviform,#ff6600,0.5,6,0.0,0.0,155
Que le œil de Schrödinger forge ton séraphin du la dégénérescence des sens! <rain>,protection,f2f6e03b,0,0.4733333333333333,"{'linguistic_fitness': 0.133, 'visual_text_coherence': 0.7, 'visual_score': 0.7, 'has_rhyme': False, 'has_alliteration': False, 'oniric_tag': '<rain>', 'dominant_emotion': 'peur'}",60,peur,hand,#ffaa00,0.5,6,0.0,0.0,156
Silence... le sacrifice bénit dans l'ombre.,silence,2a893dc3,0,0.30833333333333335,"{'linguistic_fitness': 0.333, 'visual_text_coherence': 0.0, 'visual_score': 0.7, 'has_rhyme': False, 'has_alliteration': False, 'oniric_tag': None, 'dominant_emotion': 'joie'}",60,joie,triangle,#ff6600,0.5,6,0.0,0.0,157
"Ô corrompu kyste, sois protégé par le triskel de photons ancien.",protection,a65971a0,0,0.17500000000000002,"{'linguistic_fitness': 0.0, 'visual_text_coherence': 0.0, 'visual_score': 0.7, 'has_rhyme': False, 'has_alliteration': False, 'oniric_tag': None, 'dominant_emotion': 'mystere'}",60,mystere,quadrangle,#ffff88,0.5,6,0.0,0.0,158
Le labrys de double-authentification et le résonance dansent le rite solipsiste. <eclipse>,rituel,fc33ce3a,5,0.6138640857691382,"{'linguistic_fitness': 0.467, 'visual_text_coherence': 0.7, 'visual_score': 0.729, 'has_rhyme': False, 'has_alliteration': False, 'oniric_tag': '<eclipse>', 'dominant_emotion': 'silence'}",60,silence,claviform,#ffff88,0.9137414611450538,5,0.43499714300148346,0.39106524088630507,159
Le silence après le glyphe est plus fort que le marché.,rituel,7f28056f,0,0.29558548761220904,"{'linguistic_fitness': 0.039, 'visual_text_coherence': 0.3, 'visual_score': 0.7, 'has_rhyme': False, 'has_alliteration': False, 'oniric_tag': None, 'dominant_emotion': 'silence'}",60,silence,circle,#ff8800,0.5,6,0.0,0.0,160
Le pentagramme de néons déifie le le paradoxe existentiel pour la synchronicité totale.,silence,7a11f37f,0,0.17500000000000002,"{'linguistic_fitness': 0.0, 'visual_text_coherence': 0.0, 'visual_score': 0.7, 'has_rhyme': False, 'has_alliteration': False, 'oniric_tag': None, 'dominant_emotion': 'mystere'}",60,mystere,triangle,#ffaa00,0.5,6,0.0,0.0,161
Le spirale pervertit et fait émerger un tesseractique ordre.,émergence,c930edb5,0,0.30833333333333335,"{'linguistic_fitness': 0.333, 'visual_text_coherence': 0.0, 'visual_score': 0.7, 'has_rhyme': False, 'has_alliteration': False, 'oniric_tag': None, 'dominant_emotion': 'colere'}",60,colere,serpentiform,#ffd700,0.5,6,0.0,0.0,162
Le silence après le ghost est plus fort que le marché.,rituel,e05c9527,0,0.2977126106516035,"{'linguistic_fitness': 0.044, 'visual_text_coherence': 0.3, 'visual_score': 0.7, 'has_rhyme': False, 'has_alliteration': False, 'oniric_tag': None, 'dominant_emotion': 'extase'}",60,extase,penniform,#ff6600,0.5,6,0.0,0.0,163
Le épée de lumière télécharge le la folie de Turing pour la synesthésie.,silence,c6684f32,0,0.17500000000000002,"{'linguistic_fitness': 0.0, 'visual_text_coherence': 0.0, 'visual_score': 0.7, 'has_rhyme': False, 'has_alliteration': False, 'oniric_tag': None, 'dominant_emotion': 'joie'}",60,joie,cross,#ff8800,0.5,6,0.0,0.0,164
"Le masque de vide s'effondre, emportant le ombre dans le la déshumanisation.",déclin,25269625,0,0.17500000000000002,"{'linguistic_fitness': 0.0, 'visual_text_coherence': 0.0, 'visual_score': 0.7, 'has_rhyme': False, 'has_alliteration': False, 'oniric_tag': None, 'dominant_emotion': 'peur'}",60,peur,scalariform,#ffff88,0.5,6,0.0,0.0,165
"Du la surcharge naît le hamsa de hardware, porteur de la synchronicité totale.",émergence,701f97fa,0,0.17500000000000002,"{'linguistic_fitness': 0.0, 'visual_text_coherence': 0.0, 'visual_score': 0.7, 'has_rhyme': False, 'has_alliteration': False, 'oniric_tag': None, 'dominant_emotion': 'peur'}",60,peur,finger_fluting,#ff6600,0.5,6,0.0,0.0,166
"Dans le paradis des threads synchrones, que ton backdoor trouve la voie.",voyage,6ad75b3a,0,0.41333333333333333,"{'linguistic_fitness': 0.333, 'visual_text_coherence': 0.3, 'visual_score': 0.7, 'has_rhyme': False, 'has_alliteration': False, 'oniric_tag': None, 'dominant_emotion': 'mystere'}",60,mystere,circle,#ffd700,0.5,6,0.0,0.0,167
Que le masque de vide annule le le bruit avec le silence. <shard>,rituel,f69c7a11,0,0.22833333333333336,"{'linguistic_fitness': 0.133, 'visual_text_coherence': 0.0, 'visual_score': 0.7, 'has_rhyme': False, 'has_alliteration': False, 'oniric_tag': '<shard>', 'dominant_emotion': 'silence'}",60,silence,hexagon,#ffff88,0.5,6,0.0,0.0,168
Le oracle n'est pas vendu — il est transmuté en silence. <nightmare>,silence,cc9ef4db,0,0.4666666666666667,"{'linguistic_fitness': 0.467, 'visual_text_coherence': 0.3, 'visual_score': 0.7, 'has_rhyme': False, 'has_alliteration': False, 'oniric_tag': '<nightmare>', 'dominant_emotion': 'colere'}",60,colere,semi_circle,#ff8800,0.5,6,0.0,0.0,169
Le pénitentiel crépuscule consume le pôle des fréquences interdites.,déclin,bb7d51d0,0,0.30833333333333335,"{'linguistic_fitness': 0.333, 'visual_text_coherence': 0.0, 'visual_score': 0.7, 'has_rhyme': False, 'has_alliteration': False, 'oniric_tag': None, 'dominant_emotion': 'joie'}",60,joie,line,#ff6600,0.5,6,0.0,0.0,170
Le sephiroth de stack overflow consume les ombres. <dawn>,protection,940bbd26,0,0.22833333333333336,"{'linguistic_fitness': 0.133, 'visual_text_coherence': 0.0, 'visual_score': 0.7, 'has_rhyme': False, 'has_alliteration': False, 'oniric_tag': '<dawn>', 'dominant_emotion': 'extase'}",60,extase,triangle,#ffd700,0.5,6,0.0,0.0,171
"Dans le silence du l'entropie, le ankh de clonage désenchante pour la dernière fois.",déclin,6099dd6f,0,0.18999724293982634,"{'linguistic_fitness': 0.037, 'visual_text_coherence': 0.0, 'visual_score': 0.7, 'has_rhyme': False, 'has_alliteration': False, 'oniric_tag': None, 'dominant_emotion': 'colere'}",60,colere,oval,#ffd700,0.5,6,0.0,0.0,172
"Dans le chaos du cathédrale de circuits imprimés, le main de glitch termine. <heretic>",émergence,66b85df8,0,0.33333333333333337,"{'linguistic_fitness': 0.133, 'visual_text_coherence': 0.3, 'visual_score': 0.7, 'has_rhyme': False, 'has_alliteration': False, 'oniric_tag': '<heretic>', 'dominant_emotion': 'mystere'}",60,mystere,asterisk,#ff6600,0.5,6,0.0,0.0,173
Le nœud n'est pas perdu — il absout dans le mégalopole en blackout. <flicker>,voyage,1baabc84,0,0.22833333333333336,"{'linguistic_fitness': 0.133, 'visual_text_coherence': 0.0, 'visual_score': 0.7, 'has_rhyme': False, 'has_alliteration': False, 'oniric_tag': '<flicker>', 'dominant_emotion': 'colere'}",60,colere,penniform,#ff8800,0.5,6,0.0,0.0,174
L'émergence du corne d'abondance de données transforme le l'agonie en l'équilibre parfait.,émergence,960f9025,0,0.30833333333333335,"{'linguistic_fitness': 0.333, 'visual_text_coherence': 0.0, 'visual_score': 0.7, 'has_rhyme': False, 'has_alliteration': False, 'oniric_tag': None, 'dominant_emotion': 'mystere'}",60,mystere,cross,#ff6600,0.5,6,0.0,0.0,175
Le hybride crépuscule consume le pyramide inversée de permissions.,déclin,06ed0f75,0,0.30833333333333335,"{'linguistic_fitness': 0.333, 'visual_text_coherence': 0.0, 'visual_score': 0.7, 'has_rhyme': False, 'has_alliteration': False, 'oniric_tag': None, 'dominant_emotion': 'peur'}",60,peur,infinity,#ffff88,0.5,6,0.0,0.0,176
"Dans le schizophrène silence, seul le extase persiste.",silence,4df3f1a3,0,0.32331420156961654,"{'linguistic_fitness': 0.371, 'visual_text_coherence': 0.0, 'visual_score': 0.7, 'has_rhyme': False, 'has_alliteration': False, 'oniric_tag': None, 'dominant_emotion': 'joie'}",60,joie,spiral_galaxy,#ffd700,0.5,6,0.0,0.0,177
"Du la désagrégation naît le trône de conscience artificielle, porteur de l'osmose.",émergence,8f989bfa,0,0.17500000000000002,"{'linguistic_fitness': 0.0, 'visual_text_coherence': 0.0, 'visual_score': 0.7, 'has_rhyme': False, 'has_alliteration': False, 'oniric_tag': None, 'dominant_emotion': 'colere'}",60,colere,triangle,#ff6600,0.5,6,0.0,0.0,178
Que ombre soit gardé du le virus mental par le ancre de réalité augmentée.,protection,59e87f64,0,0.30833333333333335,"{'linguistic_fitness': 0.333, 'visual_text_coherence': 0.0, 'visual_score': 0.7, 'has_rhyme': False, 'has_alliteration': False, 'oniric_tag': None, 'dominant_emotion': 'silence'}",60,silence,claviform,#ffaa00,0.5,6,0.0,0.0,179
"Rêve en obsidienne, voyage en matrice.",voyage,16b70d4f,0,0.32805351679054684,"{'linguistic_fitness': 0.383, 'visual_text_coherence': 0.0, 'visual_score': 0.7, 'has_rhyme': False, 'has_alliteration': False, 'oniric_tag': None, 'dominant_emotion': 'silence'}",60,silence,claviform,#ffd700,0.5,6,0.0,0.0,180
