timestamp,strain_id,parent_id,generation,mantra_content,mantra_theme,contagion_power,dogma_intensity,latency_period,emergence_time,carrier_count,exposed_count,total_adherents,prevalence,is_root,mutation_count,symbolic_color,symbolic_glyph,symbolic_complexity,symbolic_symmetry,artefact_fitness,artefact_mantra
0,M-001,,0,"Ô corrompu satori, sois rematérialise par le rite ancien.",rituel,0.96,1.0,3.0,0,0,3,3,0.016666666666666666,1,0,#ffff88,asterisk,0.9478280918331073,8,0.446683421243342,"Ô solipsiste résonance, sois converge par le rite ancien...."
1,M-001,,0,"Ô corrompu satori, sois rematérialise par le rite ancien.",rituel,0.96,1.0,3.0,0,0,3,3,0.016666666666666666,1,0,#ffff88,asterisk,0.9478280918331073,8,0.446683421243342,"Ô solipsiste résonance, sois converge par le rite ancien...."
2,M-001,,0,"Ô corrompu satori, sois rematérialise par le rite ancien.",rituel,0.96,1.0,3.0,0,1,2,3,0.016666666666666666,1,0,#ffff88,asterisk,0.9478280918331073,8,0.446683421243342,"Ô solipsiste résonance, sois converge par le rite ancien...."
3,M-001,,0,"Ô corrompu satori, sois rematérialise par le rite ancien.",rituel,0.96,1.0,3.0,0,1,2,3,0.016666666666666666,1,0,#ffff88,asterisk,0.9478280918331073,8,0.446683421243342,"Ô solipsiste résonance, sois converge par le rite ancien...."
4,M-001,,0,"Ô corrompu satori, sois rematérialise par le rite ancien.",rituel,0.96,1.0,3.0,0,2,1,3,0.016666666666666666,1,0,#ffff88,asterisk,0.9478280918331073,8,0.446683421243342,"Ô solipsiste résonance, sois converge par le rite ancien...."
5,M-001,,0,"Ô corrompu satori, sois rematérialise par le rite ancien.",rituel,0.96,1.0,3.0,0,2,1,3,0.016666666666666666,1,0,#ffff88,asterisk,0.9478280918331073,8,0.446683421243342,"Ô solipsiste résonance, sois converge par le rite ancien...."
5,MV-002,M-001,1,"Ô solipsiste résonance, sois délier par le rite ancien.",rituel,0.96,0.9481297647265372,3.370889158039108,5,1,0,1,0.005555555555555556,0,1,#ffff88,claviform,0.8865922397294248,6,0.569308333302673,"Ô solipsiste résonance, sois délier par le rite ancien...."
6,M-001,,0,"Ô corrompu satori, sois rematérialise par le rite ancien.",rituel,0.96,1.0,3.0,0,3,0,3,0.016666666666666666,1,0,#ffff88,asterisk,0.9478280918331073,8,0.446683421243342,"Ô solipsiste résonance, sois converge par le rite ancien...."
6,MV-002,M-001,1,"Ô solipsiste résonance, sois délier par le rite ancien.",rituel,0.96,0.9481297647265372,3.370889158039108,5,0,1,1,0.005555555555555556,0,1,#ffff88,claviform,0.8865922397294248,6,0.569308333302673,"Ô solipsiste résonance, sois délier par le rite ancien...."
6,MV-003,MV-002,2,"Ô solipsiste résonance, sois baptise par le rite ancien.",rituel,0.96,0.9379242324850631,3.5788607087398736,6,1,0,1,0.005555555555555556,0,2,#c7ff8a,claviform,1.0,6,0.5837227669370967,"Ô solipsiste résonance, sois baptise par le rite ancien...."
7,M-001,,0,"Ô corrompu satori, sois rematérialise par le rite ancien.",rituel,0.96,1.0,3.0,0,3,0,3,0.016666666666666666,1,0,#ffff88,asterisk,0.9478280918331073,8,0.446683421243342,"Ô solipsiste résonance, sois converge par le rite ancien...."
7,MV-002,M-001,1,"Ô solipsiste résonance, sois délier par le rite ancien.",rituel,0.96,0.9481297647265372,3.370889158039108,5,1,0,1,0.005555555555555556,0,1,#ffff88,claviform,0.8865922397294248,6,0.569308333302673,"Ô solipsiste résonance, sois délier par le rite ancien...."
7,MV-003,MV-002,2,"Ô solipsiste résonance, sois baptise par le rite ancien.",rituel,0.96,0.9379242324850631,3.5788607087398736,6,1,0,1,0.005555555555555556,0,2,#c7ff8a,claviform,1.0,6,0.5837227669370967,"Ô solipsiste résonance, sois baptise par le rite ancien...."
8,M-001,,0,"Ô corrompu satori, sois rematérialise par le rite ancien.",rituel,0.96,1.0,3.0,0,3,1,4,0.022222222222222223,1,0,#ffff88,asterisk,0.9478280918331073,8,0.446683421243342,"Ô solipsiste résonance, sois converge par le rite ancien...."
8,MV-002,M-001,1,"Ô solipsiste résonance, sois délier par le rite ancien.",rituel,0.96,0.9481297647265372,3.370889158039108,5,1,0,1,0.005555555555555556,0,1,#ffff88,claviform,0.8865922397294248,6,0.569308333302673,"Ô solipsiste résonance, sois délier par le rite ancien...."
8,MV-003,MV-002,2,"Ô solipsiste résonance, sois baptise par le rite ancien.",rituel,0.96,0.9379242324850631,3.5788607087398736,6,1,0,1,0.005555555555555556,0,2,#c7ff8a,claviform,1.0,6,0.5837227669370967,"Ô solipsiste résonance, sois baptise par le rite ancien...."
9,M-001,,0,"Ô corrompu satori, sois rematérialise par le rite ancien.",rituel,0.96,1.0,3.0,0,3,1,4,0.022222222222222223,1,0,#ffff88,asterisk,0.9478280918331073,8,0.446683421243342,"Ô solipsiste résonance, sois converge par le rite ancien...."
9,MV-002,M-001,1,"Ô solipsiste résonance, sois délier par le rite ancien.",rituel,0.96,0.9481297647265372,3.370889158039108,5,1,0,1,0.005555555555555556,0,1,#ffff88,claviform,0.8865922397294248,6,0.569308333302673,"Ô solipsiste résonance, sois délier par le rite ancien...."
9,MV-003,MV-002,2,"Ô solipsiste résonance, sois baptise par le rite ancien.",rituel,0.96,0.9379242324850631,3.5788607087398736,6,1,0,1,0.005555555555555556,0,2,#c7ff8a,claviform,1.0,6,0.5837227669370967,"Ô solipsiste résonance, sois baptise par le rite ancien...."
10,M-001,,0,"Ô corrompu satori, sois rematérialise par le rite ancien.",rituel,0.96,1.0,3.0,0,3,1,4,0.022222222222222223,1,0,#ffff88,asterisk,0.9478280918331073,8,0.446683421243342,"Ô solipsiste résonance, sois converge par le rite ancien...."
10,MV-002,M-001,1,"Ô solipsiste résonance, sois délier par le rite ancien.",rituel,0.96,0.9481297647265372,3.370889158039108,5,1,0,1,0.005555555555555556,0,1,#ffff88,claviform,0.8865922397294248,6,0.569308333302673,"Ô solipsiste résonance, sois délier par le rite ancien...."
10,MV-003,MV-002,2,"Ô solipsiste résonance, sois baptise par le rite ancien.",rituel,0.96,0.9379242324850631,3.5788607087398736,6,1,1,2,0.011111111111111112,0,2,#c7ff8a,claviform,1.0,6,0.5837227669370967,"Ô solipsiste résonance, sois baptise par le rite ancien...."
11,M-001,,0,"Ô corrompu satori, sois rematérialise par le rite ancien.",rituel,0.96,1.0,3.0,0,4,0,4,0.022222222222222223,1,0,#ffff88,asterisk,0.9478280918331073,8,0.446683421243342,"Ô solipsiste résonance, sois converge par le rite ancien...."
11,MV-002,M-001,1,"Ô solipsiste résonance, sois délier par le rite ancien.",rituel,0.96,0.9481297647265372,3.370889158039108,5,1,0,1,0.005555555555555556,0,1,#ffff88,claviform,0.8865922397294248,6,0.569308333302673,"Ô solipsiste résonance, sois délier par le rite ancien...."
11,MV-003,MV-002,2,"Ô solipsiste résonance, sois baptise par le rite ancien.",rituel,0.96,0.9379242324850631,3.5788607087398736,6,2,0,2,0.011111111111111112,0,2,#c7ff8a,claviform,1.0,6,0.5837227669370967,"Ô solipsiste résonance, sois baptise par le rite ancien...."
12,M-001,,0,"Ô corrompu satori, sois rematérialise par le rite ancien.",rituel,0.96,1.0,3.0,0,4,1,5,0.027777777777777776,1,0,#ffff88,asterisk,0.9478280918331073,8,0.446683421243342,"Ô solipsiste résonance, sois converge par le rite ancien...."
12,MV-002,M-001,1,"Ô solipsiste résonance, sois délier par le rite ancien.",rituel,0.96,0.9481297647265372,3.370889158039108,5,1,0,1,0.005555555555555556,0,1,#ffff88,claviform,0.8865922397294248,6,0.569308333302673,"Ô solipsiste résonance, sois délier par le rite ancien...."
12,MV-003,MV-002,2,"Ô solipsiste résonance, sois baptise par le rite ancien.",rituel,0.96,0.9379242324850631,3.5788607087398736,6,2,0,2,0.011111111111111112,0,2,#c7ff8a,claviform,1.0,6,0.5837227669370967,"Ô solipsiste résonance, sois baptise par le rite ancien...."
13,M-001,,0,"Ô corrompu satori, sois rematérialise par le rite ancien.",rituel,0.96,1.0,3.0,0,4,1,5,0.027777777777777776,1,0,#ffff88,asterisk,0.9478280918331073,8,0.446683421243342,"Ô solipsiste résonance, sois converge par le rite ancien...."
13,MV-002,M-001,1,"Ô solipsiste résonance, sois délier par le rite ancien.",rituel,0.96,0.9481297647265372,3.370889158039108,5,0,1,1,0.005555555555555556,0,1,#ffff88,claviform,0.8865922397294248,6,0.569308333302673,"Ô solipsiste résonance, sois délier par le rite ancien...."
13,MV-003,MV-002,2,"Ô solipsiste résonance, sois baptise par le rite ancien.",rituel,0.96,0.9379242324850631,3.5788607087398736,6,0,0,0,0.0,0,2,#c7ff8a,claviform,1.0,6,0.5837227669370967,"Ô solipsiste résonance, sois baptise par le rite ancien...."
13,FS-004,MV-003+MV-002,3,"Ô solipsiste résonance, sois baptise par le rite ancien. ∪ Ô solipsiste résonance, sois délier par le rite ancien.",rituel,1.152,0.9430269986058002,3.474874933389491,13,2,0,2,0.011111111111111112,0,4,#e3ff89,claviform,1.0,6,0.0,"Ô solipsiste résonance, sois baptise par le rite ancien. ∪ Ô solipsiste résonance, sois délier par l..."
14,M-001,,0,"Ô corrompu satori, sois rematérialise par le rite ancien.",rituel,0.96,1.0,3.0,0,4,1,5,0.027777777777777776,1,0,#ffff88,asterisk,0.9478280918331073,8,0.446683421243342,"Ô solipsiste résonance, sois converge par le rite ancien...."
14,MV-002,M-001,1,"Ô solipsiste résonance, sois délier par le rite ancien.",rituel,0.96,0.9481297647265372,3.370889158039108,5,0,1,1,0.005555555555555556,0,1,#ffff88,claviform,0.8865922397294248,6,0.569308333302673,"Ô solipsiste résonance, sois délier par le rite ancien...."
14,MV-003,MV-002,2,"Ô solipsiste résonance, sois baptise par le rite ancien.",rituel,0.96,0.9379242324850631,3.5788607087398736,6,0,0,0,0.0,0,2,#c7ff8a,claviform,1.0,6,0.5837227669370967,"Ô solipsiste résonance, sois baptise par le rite ancien...."
14,FS-004,MV-003+MV-002,3,"Ô solipsiste résonance, sois baptise par le rite ancien. ∪ Ô solipsiste résonance, sois délier par le rite ancien.",rituel,1.152,0.9430269986058002,3.474874933389491,13,2,1,3,0.016666666666666666,0,4,#e3ff89,claviform,1.0,6,0.0,"Ô solipsiste résonance, sois baptise par le rite ancien. ∪ Ô solipsiste résonance, sois délier par l..."
15,M-001,,0,"Ô corrompu satori, sois rematérialise par le rite ancien.",rituel,0.96,1.0,3.0,0,4,1,5,0.027777777777777776,1,0,#ffff88,asterisk,0.9478280918331073,8,0.446683421243342,"Ô solipsiste résonance, sois converge par le rite ancien...."
15,MV-002,M-001,1,"Ô solipsiste résonance, sois délier par le rite ancien.",rituel,0.96,0.9481297647265372,3.370889158039108,5,0,1,1,0.005555555555555556,0,1,#ffff88,claviform,0.8865922397294248,6,0.569308333302673,"Ô solipsiste résonance, sois délier par le rite ancien...."
15,MV-003,MV-002,2,"Ô solipsiste résonance, sois baptise par le rite ancien.",rituel,0.96,0.9379242324850631,3.5788607087398736,6,0,0,0,0.0,0,2,#c7ff8a,claviform,1.0,6,0.5837227669370967,"Ô solipsiste résonance, sois baptise par le rite ancien...."
15,FS-004,MV-003+MV-002,3,"Ô solipsiste résonance, sois baptise par le rite ancien. ∪ Ô solipsiste résonance, sois délier par le rite ancien.",rituel,1.152,0.9430269986058002,3.474874933389491,13,1,1,2,0.011111111111111112,0,4,#e3ff89,claviform,1.0,6,0.0,"Ô solipsiste résonance, sois baptise par le rite ancien. ∪ Ô solipsiste résonance, sois délier par l..."
16,M-001,,0,"Ô corrompu satori, sois rematérialise par le rite ancien.",rituel,0.96,1.0,3.0,0,5,0,5,0.027777777777777776,1,0,#ffff88,asterisk,0.9478280918331073,8,0.446683421243342,"Ô solipsiste résonance, sois converge par le rite ancien...."
16,MV-002,M-001,1,"Ô solipsiste résonance, sois délier par le rite ancien.",rituel,0.96,0.9481297647265372,3.370889158039108,5,1,0,1,0.005555555555555556,0,1,#ffff88,claviform,0.8865922397294248,6,0.569308333302673,"Ô solipsiste résonance, sois délier par le rite ancien...."
16,MV-003,MV-002,2,"Ô solipsiste résonance, sois baptise par le rite ancien.",rituel,0.96,0.9379242324850631,3.5788607087398736,6,0,0,0,0.0,0,2,#c7ff8a,claviform,1.0,6,0.5837227669370967,"Ô solipsiste résonance, sois baptise par le rite ancien...."
16,FS-004,MV-003+MV-002,3,"Ô solipsiste résonance, sois baptise par le rite ancien. ∪ Ô solipsiste résonance, sois délier par le rite ancien.",rituel,1.152,0.9430269986058002,3.474874933389491,13,1,1,2,0.011111111111111112,0,4,#e3ff89,claviform,1.0,6,0.0,"Ô solipsiste résonance, sois baptise par le rite ancien. ∪ Ô solipsiste résonance, sois délier par l..."
17,M-001,,0,"Ô corrompu satori, sois rematérialise par le rite ancien.",rituel,0.96,1.0,3.0,0,5,0,5,0.027777777777777776,1,0,#ffff88,asterisk,0.9478280918331073,8,0.446683421243342,"Ô solipsiste résonance, sois converge par le rite ancien...."
17,MV-002,M-001,1,"Ô solipsiste résonance, sois délier par le rite ancien.",rituel,0.96,0.9481297647265372,3.370889158039108,5,1,1,2,0.011111111111111112,0,1,#ffff88,claviform,0.8865922397294248,6,0.569308333302673,"Ô solipsiste résonance, sois délier par le rite ancien...."
17,MV-003,MV-002,2,"Ô solipsiste résonance, sois baptise par le rite ancien.",rituel,0.96,0.9379242324850631,3.5788607087398736,6,0,0,0,0.0,0,2,#c7ff8a,claviform,1.0,6,0.5837227669370967,"Ô solipsiste résonance, sois baptise par le rite ancien...."
17,FS-004,MV-003+MV-002,3,"Ô solipsiste résonance, sois baptise par le rite ancien. ∪ Ô solipsiste résonance, sois délier par le rite ancien.",rituel,1.152,0.9430269986058002,3.474874933389491,13,1,1,2,0.011111111111111112,0,4,#e3ff89,claviform,1.0,6,0.0,"Ô solipsiste résonance, sois baptise par le rite ancien. ∪ Ô solipsiste résonance, sois délier par l..."
18,M-001,,0,"Ô corrompu satori, sois rematérialise par le rite ancien.",rituel,0.96,1.0,3.0,0,5,0,5,0.027777777777777776,1,0,#ffff88,asterisk,0.9478280918331073,8,0.446683421243342,"Ô solipsiste résonance, sois converge par le rite ancien...."
18,MV-002,M-001,1,"Ô solipsiste résonance, sois délier par le rite ancien.",rituel,0.96,0.9481297647265372,3.370889158039108,5,0,1,1,0.005555555555555556,0,1,#ffff88,claviform,0.8865922397294248,6,0.569308333302673,"Ô solipsiste résonance, sois délier par le rite ancien...."
18,MV-003,MV-002,2,"Ô solipsiste résonance, sois baptise par le rite ancien.",rituel,0.96,0.9379242324850631,3.5788607087398736,6,0,0,0,0.0,0,2,#c7ff8a,claviform,1.0,6,0.5837227669370967,"Ô solipsiste résonance, sois baptise par le rite ancien...."
18,FS-004,MV-003+MV-002,3,"Ô solipsiste résonance, sois baptise par le rite ancien. ∪ Ô solipsiste résonance, sois délier par le rite ancien.",rituel,1.152,0.9430269986058002,3.474874933389491,13,2,0,2,0.011111111111111112,0,4,#e3ff89,claviform,1.0,6,0.0,"Ô solipsiste résonance, sois baptise par le rite ancien. ∪ Ô solipsiste résonance, sois délier par l..."
19,M-001,,0,"Ô corrompu satori, sois rematérialise par le rite ancien.",rituel,0.96,1.0,3.0,0,5,0,5,0.027777777777777776,1,0,#ffff88,asterisk,0.9478280918331073,8,0.446683421243342,"Ô solipsiste résonance, sois converge par le rite ancien...."
19,MV-002,M-001,1,"Ô solipsiste résonance, sois délier par le rite ancien.",rituel,0.96,0.9481297647265372,3.370889158039108,5,0,1,1,0.005555555555555556,0,1,#ffff88,claviform,0.8865922397294248,6,0.569308333302673,"Ô solipsiste résonance, sois délier par le rite ancien...."
19,MV-003,MV-002,2,"Ô solipsiste résonance, sois baptise par le rite ancien.",rituel,0.96,0.9379242324850631,3.5788607087398736,6,0,0,0,0.0,0,2,#c7ff8a,claviform,1.0,6,0.5837227669370967,"Ô solipsiste résonance, sois baptise par le rite ancien...."
19,FS-004,MV-003+MV-002,3,"Ô solipsiste résonance, sois baptise par le rite ancien. ∪ Ô solipsiste résonance, sois délier par le rite ancien.",rituel,1.152,0.9430269986058002,3.474874933389491,13,2,0,2,0.011111111111111112,0,4,#e3ff89,claviform,1.0,6,0.0,"Ô solipsiste résonance, sois baptise par le rite ancien. ∪ Ô solipsiste résonance, sois délier par l..."
20,M-001,,0,"Ô corrompu satori, sois rematérialise par le rite ancien.",rituel,0.96,1.0,3.0,0,5,0,5,0.027777777777777776,1,0,#ffff88,asterisk,0.9478280918331073,8,0.446683421243342,"Ô solipsiste résonance, sois converge par le rite ancien...."
20,MV-002,M-001,1,"Ô solipsiste résonance, sois délier par le rite ancien.",rituel,0.96,0.9481297647265372,3.370889158039108,5,0,1,1,0.005555555555555556,0,1,#ffff88,claviform,0.8865922397294248,6,0.569308333302673,"Ô solipsiste résonance, sois délier par le rite ancien...."
20,MV-003,MV-002,2,"Ô solipsiste résonance, sois baptise par le rite ancien.",rituel,0.96,0.9379242324850631,3.5788607087398736,6,0,0,0,0.0,0,2,#c7ff8a,claviform,1.0,6,0.5837227669370967,"Ô solipsiste résonance, sois baptise par le rite ancien...."
20,FS-004,MV-003+MV-002,3,"Ô solipsiste résonance, sois baptise par le rite ancien. ∪ Ô solipsiste résonance, sois délier par le rite ancien.",rituel,1.152,0.9430269986058002,3.474874933389491,13,2,0,2,0.011111111111111112,0,4,#e3ff89,claviform,1.0,6,0.0,"Ô solipsiste résonance, sois baptise par le rite ancien. ∪ Ô solipsiste résonance, sois délier par l..."
21,M-001,,0,"Ô corrompu satori, sois rematérialise par le rite ancien.",rituel,0.96,1.0,3.0,0,5,0,5,0.027777777777777776,1,0,#ffff88,asterisk,0.9478280918331073,8,0.446683421243342,"Ô solipsiste résonance, sois converge par le rite ancien...."
21,MV-002,M-001,1,"Ô solipsiste résonance, sois délier par le rite ancien.",rituel,0.96,0.9481297647265372,3.370889158039108,5,1,0,1,0.005555555555555556,0,1,#ffff88,claviform,0.8865922397294248,6,0.569308333302673,"Ô solipsiste résonance, sois délier par le rite ancien...."
21,MV-003,MV-002,2,"Ô solipsiste résonance, sois baptise par le rite ancien.",rituel,0.96,0.9379242324850631,3.5788607087398736,6,0,0,0,0.0,0,2,#c7ff8a,claviform,1.0,6,0.5837227669370967,"Ô solipsiste résonance, sois baptise par le rite ancien...."
21,FS-004,MV-003+MV-002,3,"Ô solipsiste résonance, sois baptise par le rite ancien. ∪ Ô solipsiste résonance, sois délier par le rite ancien.",rituel,1.152,0.9430269986058002,3.474874933389491,13,2,0,2,0.011111111111111112,0,4,#e3ff89,claviform,1.0,6,0.0,"Ô solipsiste résonance, sois baptise par le rite ancien. ∪ Ô solipsiste résonance, sois délier par l..."
22,M-001,,0,"Ô corrompu satori, sois rematérialise par le rite ancien.",rituel,0.96,1.0,3.0,0,5,0,5,0.027777777777777776,1,0,#ffff88,asterisk,0.9478280918331073,8,0.446683421243342,"Ô solipsiste résonance, sois converge par le rite ancien...."
22,MV-002,M-001,1,"Ô solipsiste résonance, sois délier par le rite ancien.",rituel,0.96,0.9481297647265372,3.370889158039108,5,1,0,1,0.005555555555555556,0,1,#ffff88,claviform,0.8865922397294248,6,0.569308333302673,"Ô solipsiste résonance, sois délier par le rite ancien...."
22,MV-003,MV-002,2,"Ô solipsiste résonance, sois baptise par le rite ancien.",rituel,0.96,0.9379242324850631,3.5788607087398736,6,0,0,0,0.0,0,2,#c7ff8a,claviform,1.0,6,0.5837227669370967,"Ô solipsiste résonance, sois baptise par le rite ancien...."
22,FS-004,MV-003+MV-002,3,"Ô solipsiste résonance, sois baptise par le rite ancien. ∪ Ô solipsiste résonance, sois délier par le rite ancien.",rituel,1.152,0.9430269986058002,3.474874933389491,13,2,0,2,0.011111111111111112,0,4,#e3ff89,claviform,1.0,6,0.0,"Ô solipsiste résonance, sois baptise par le rite ancien. ∪ Ô solipsiste résonance, sois délier par l..."
23,M-001,,0,"Ô corrompu satori, sois rematérialise par le rite ancien.",rituel,0.96,1.0,3.0,0,5,0,5,0.027777777777777776,1,0,#ffff88,asterisk,0.9478280918331073,8,0.446683421243342,"Ô solipsiste résonance, sois converge par le rite ancien...."
23,MV-002,M-001,1,"Ô solipsiste résonance, sois délier par le rite ancien.",rituel,0.96,0.9481297647265372,3.370889158039108,5,1,0,1,0.005555555555555556,0,1,#ffff88,claviform,0.8865922397294248,6,0.569308333302673,"Ô solipsiste résonance, sois délier par le rite ancien...."
23,MV-003,MV-002,2,"Ô solipsiste résonance, sois baptise par le rite ancien.",rituel,0.96,0.9379242324850631,3.5788607087398736,6,0,0,0,0.0,0,2,#c7ff8a,claviform,1.0,6,0.5837227669370967,"Ô solipsiste résonance, sois baptise par le rite ancien...."
23,FS-004,MV-003+MV-002,3,"Ô solipsiste résonance, sois baptise par le rite ancien. ∪ Ô solipsiste résonance, sois délier par le rite ancien.",rituel,1.152,0.9430269986058002,3.474874933389491,13,2,0,2,0.011111111111111112,0,4,#e3ff89,claviform,1.0,6,0.0,"Ô solipsiste résonance, sois baptise par le rite ancien. ∪ Ô solipsiste résonance, sois délier par l..."
24,M-001,,0,"Ô corrompu satori, sois rematérialise par le rite ancien.",rituel,0.96,1.0,3.0,0,5,0,5,0.027777777777777776,1,0,#ffff88,asterisk,0.9478280918331073,8,0.446683421243342,"Ô solipsiste résonance, sois converge par le rite ancien...."
24,MV-002,M-001,1,"Ô solipsiste résonance, sois délier par le rite ancien.",rituel,0.96,0.9481297647265372,3.370889158039108,5,1,0,1,0.005555555555555556,0,1,#ffff88,claviform,0.8865922397294248,6,0.569308333302673,"Ô solipsiste résonance, sois délier par le rite ancien...."
24,MV-003,MV-002,2,"Ô solipsiste résonance, sois baptise par le rite ancien.",rituel,0.96,0.9379242324850631,3.5788607087398736,6,0,0,0,0.0,0,2,#c7ff8a,claviform,1.0,6,0.5837227669370967,"Ô solipsiste résonance, sois baptise par le rite ancien...."
24,FS-004,MV-003+MV-002,3,"Ô solipsiste résonance, sois baptise par le rite ancien. ∪ Ô solipsiste résonance, sois délier par le rite ancien.",rituel,1.152,0.9430269986058002,3.474874933389491,13,2,0,2,0.011111111111111112,0,4,#e3ff89,claviform,1.0,6,0.0,"Ô solipsiste résonance, sois baptise par le rite ancien. ∪ Ô solipsiste résonance, sois délier par l..."
25,M-001,,0,"Ô corrompu satori, sois rematérialise par le rite ancien.",rituel,0.96,1.0,3.0,0,5,0,5,0.027777777777777776,1,0,#ffff88,asterisk,0.9478280918331073,8,0.446683421243342,"Ô solipsiste résonance, sois converge par le rite ancien...."
25,MV-002,M-001,1,"Ô solipsiste résonance, sois délier par le rite ancien.",rituel,0.96,0.9481297647265372,3.370889158039108,5,1,0,1,0.005555555555555556,0,1,#ffff88,claviform,0.8865922397294248,6,0.569308333302673,"Ô solipsiste résonance, sois délier par le rite ancien...."
25,MV-003,MV-002,2,"Ô solipsiste résonance, sois baptise par le rite ancien.",rituel,0.96,0.9379242324850631,3.5788607087398736,6,0,0,0,0.0,0,2,#c7ff8a,claviform,1.0,6,0.5837227669370967,"Ô solipsiste résonance, sois baptise par le rite ancien...."
25,FS-004,MV-003+MV-002,3,"Ô solipsiste résonance, sois baptise par le rite ancien. ∪ Ô solipsiste résonance, sois délier par le rite ancien.",rituel,1.152,0.9430269986058002,3.474874933389491,13,2,0,2,0.011111111111111112,0,4,#e3ff89,claviform,1.0,6,0.0,"Ô solipsiste résonance, sois baptise par le rite ancien. ∪ Ô solipsiste résonance, sois délier par l..."
26,M-001,,0,"Ô corrompu satori, sois rematérialise par le rite ancien.",rituel,0.96,1.0,3.0,0,5,0,5,0.027777777777777776,1,0,#ffff88,asterisk,0.9478280918331073,8,0.446683421243342,"Ô solipsiste résonance, sois converge par le rite ancien...."
26,MV-002,M-001,1,"Ô solipsiste résonance, sois délier par le rite ancien.",rituel,0.96,0.9481297647265372,3.370889158039108,5,1,0,1,0.005555555555555556,0,1,#ffff88,claviform,0.8865922397294248,6,0.569308333302673,"Ô solipsiste résonance, sois délier par le rite ancien...."
26,MV-003,MV-002,2,"Ô solipsiste résonance, sois baptise par le rite ancien.",rituel,0.96,0.9379242324850631,3.5788607087398736,6,0,0,0,0.0,0,2,#c7ff8a,claviform,1.0,6,0.5837227669370967,"Ô solipsiste résonance, sois baptise par le rite ancien...."
26,FS-004,MV-003+MV-002,3,"Ô solipsiste résonance, sois baptise par le rite ancien. ∪ Ô solipsiste résonance, sois délier par le rite ancien.",rituel,1.152,0.9430269986058002,3.474874933389491,13,2,0,2,0.011111111111111112,0,4,#e3ff89,claviform,1.0,6,0.0,"Ô solipsiste résonance, sois baptise par le rite ancien. ∪ Ô solipsiste résonance, sois délier par l..."
27,M-001,,0,"Ô corrompu satori, sois rematérialise par le rite ancien.",rituel,0.96,1.0,3.0,0,5,0,5,0.027777777777777776,1,0,#ffff88,asterisk,0.9478280918331073,8,0.446683421243342,"Ô solipsiste résonance, sois converge par le rite ancien...."
27,MV-002,M-001,1,"Ô solipsiste résonance, sois délier par le rite ancien.",rituel,0.96,0.9481297647265372,3.370889158039108,5,1,0,1,0.005555555555555556,0,1,#ffff88,claviform,0.8865922397294248,6,0.569308333302673,"Ô solipsiste résonance, sois délier par le rite ancien...."
27,MV-003,MV-002,2,"Ô solipsiste résonance, sois baptise par le rite ancien.",rituel,0.96,0.9379242324850631,3.5788607087398736,6,0,0,0,0.0,0,2,#c7ff8a,claviform,1.0,6,0.5837227669370967,"Ô solipsiste résonance, sois baptise par le rite ancien...."
27,FS-004,MV-003+MV-002,3,"Ô solipsiste résonance, sois baptise par le rite ancien. ∪ Ô solipsiste résonance, sois délier par le rite ancien.",rituel,1.152,0.9430269986058002,3.474874933389491,13,2,0,2,0.011111111111111112,0,4,#e3ff89,claviform,1.0,6,0.0,"Ô solipsiste résonance, sois baptise par le rite ancien. ∪ Ô solipsiste résonance, sois délier par l..."
28,M-001,,0,"Ô corrompu satori, sois rematérialise par le rite ancien.",rituel,0.96,1.0,3.0,0,5,0,5,0.027777777777777776,1,0,#ffff88,asterisk,0.9478280918331073,8,0.446683421243342,"Ô solipsiste résonance, sois converge par le rite ancien...."
28,MV-002,M-001,1,"Ô solipsiste résonance, sois délier par le rite ancien.",rituel,0.96,0.9481297647265372,3.370889158039108,5,1,0,1,0.005555555555555556,0,1,#ffff88,claviform,0.8865922397294248,6,0.569308333302673,"Ô solipsiste résonance, sois délier par le rite ancien...."
28,MV-003,MV-002,2,"Ô solipsiste résonance, sois baptise par le rite ancien.",rituel,0.96,0.9379242324850631,3.5788607087398736,6,0,0,0,0.0,0,2,#c7ff8a,claviform,1.0,6,0.5837227669370967,"Ô solipsiste résonance, sois baptise par le rite ancien...."
28,FS-004,MV-003+MV-002,3,"Ô solipsiste résonance, sois baptise par le rite ancien. ∪ Ô solipsiste résonance, sois délier par le rite ancien.",rituel,1.152,0.9430269986058002,3.474874933389491,13,2,0,2,0.011111111111111112,0,4,#e3ff89,claviform,1.0,6,0.0,"Ô solipsiste résonance, sois baptise par le rite ancien. ∪ Ô solipsiste résonance, sois délier par l..."
29,M-001,,0,"Ô corrompu satori, sois rematérialise par le rite ancien.",rituel,0.96,1.0,3.0,0,5,0,5,0.027777777777777776,1,0,#ffff88,asterisk,0.9478280918331073,8,0.446683421243342,"Ô solipsiste résonance, sois converge par le rite ancien...."
29,MV-002,M-001,1,"Ô solipsiste résonance, sois délier par le rite ancien.",rituel,0.96,0.9481297647265372,3.370889158039108,5,1,0,1,0.005555555555555556,0,1,#ffff88,claviform,0.8865922397294248,6,0.569308333302673,"Ô solipsiste résonance, sois délier par le rite ancien...."
29,MV-003,MV-002,2,"Ô solipsiste résonance, sois baptise par le rite ancien.",rituel,0.96,0.9379242324850631,3.5788607087398736,6,0,0,0,0.0,0,2,#c7ff8a,claviform,1.0,6,0.5837227669370967,"Ô solipsiste résonance, sois baptise par le rite ancien...."
29,FS-004,MV-003+MV-002,3,"Ô solipsiste résonance, sois baptise par le rite ancien. ∪ Ô solipsiste résonance, sois délier par le rite ancien.",rituel,1.152,0.9430269986058002,3.474874933389491,13,2,1,3,0.016666666666666666,0,4,#e3ff89,claviform,1.0,6,0.0,"Ô solipsiste résonance, sois baptise par le rite ancien. ∪ Ô solipsiste résonance, sois délier par l..."
30,M-001,,0,"Ô corrompu satori, sois rematérialise par le rite ancien.",rituel,0.96,1.0,3.0,0,4,0,4,0.022222222222222223,1,0,#ffff88,asterisk,0.9478280918331073,8,0.446683421243342,"Ô solipsiste résonance, sois converge par le rite ancien...."
30,MV-002,M-001,1,"Ô solipsiste résonance, sois délier par le rite ancien.",rituel,0.96,0.9481297647265372,3.370889158039108,5,1,0,1,0.005555555555555556,0,1,#ffff88,claviform,0.8865922397294248,6,0.569308333302673,"Ô solipsiste résonance, sois délier par le rite ancien...."
30,MV-003,MV-002,2,"Ô solipsiste résonance, sois baptise par le rite ancien.",rituel,0.96,0.9379242324850631,3.5788607087398736,6,0,0,0,0.0,0,2,#c7ff8a,claviform,1.0,6,0.5837227669370967,"Ô solipsiste résonance, sois baptise par le rite ancien...."
30,FS-004,MV-003+MV-002,3,"Ô solipsiste résonance, sois baptise par le rite ancien. ∪ Ô solipsiste résonance, sois délier par le rite ancien.",rituel,1.152,0.9430269986058002,3.474874933389491,13,2,1,3,0.016666666666666666,0,4,#e3ff89,claviform,1.0,6,0.0,"Ô solipsiste résonance, sois baptise par le rite ancien. ∪ Ô solipsiste résonance, sois délier par l..."
31,M-001,,0,"Ô corrompu satori, sois rematérialise par le rite ancien.",rituel,0.96,1.0,3.0,0,4,0,4,0.022222222222222223,1,0,#ffff88,asterisk,0.9478280918331073,8,0.446683421243342,"Ô solipsiste résonance, sois converge par le rite ancien...."
31,MV-002,M-001,1,"Ô solipsiste résonance, sois délier par le rite ancien.",rituel,0.96,0.9481297647265372,3.370889158039108,5,1,0,1,0.005555555555555556,0,1,#ffff88,claviform,0.8865922397294248,6,0.569308333302673,"Ô solipsiste résonance, sois délier par le rite ancien...."
31,MV-003,MV-002,2,"Ô solipsiste résonance, sois baptise par le rite ancien.",rituel,0.96,0.9379242324850631,3.5788607087398736,6,0,0,0,0.0,0,2,#c7ff8a,claviform,1.0,6,0.5837227669370967,"Ô solipsiste résonance, sois baptise par le rite ancien...."
31,FS-004,MV-003+MV-002,3,"Ô solipsiste résonance, sois baptise par le rite ancien. ∪ Ô solipsiste résonance, sois délier par le rite ancien.",rituel,1.152,0.9430269986058002,3.474874933389491,13,3,0,3,0.016666666666666666,0,4,#e3ff89,claviform,1.0,6,0.0,"Ô solipsiste résonance, sois baptise par le rite ancien. ∪ Ô solipsiste résonance, sois délier par l..."
32,M-001,,0,"Ô corrompu satori, sois rematérialise par le rite ancien.",rituel,0.96,1.0,3.0,0,4,0,4,0.022222222222222223,1,0,#ffff88,asterisk,0.9478280918331073,8,0.446683421243342,"Ô solipsiste résonance, sois converge par le rite ancien...."
32,MV-002,M-001,1,"Ô solipsiste résonance, sois délier par le rite ancien.",rituel,0.96,0.9481297647265372,3.370889158039108,5,1,1,2,0.011111111111111112,0,1,#ffff88,claviform,0.8865922397294248,6,0.569308333302673,"Ô solipsiste résonance, sois délier par le rite ancien...."
32,MV-003,MV-002,2,"Ô solipsiste résonance, sois baptise par le rite ancien.",rituel,0.96,0.9379242324850631,3.5788607087398736,6,0,0,0,0.0,0,2,#c7ff8a,claviform,1.0,6,0.5837227669370967,"Ô solipsiste résonance, sois baptise par le rite ancien...."
32,FS-004,MV-003+MV-002,3,"Ô solipsiste résonance, sois baptise par le rite ancien. ∪ Ô solipsiste résonance, sois délier par le rite ancien.",rituel,1.152,0.9430269986058002,3.474874933389491,13,2,0,2,0.011111111111111112,0,4,#e3ff89,claviform,1.0,6,0.0,"Ô solipsiste résonance, sois baptise par le rite ancien. ∪ Ô solipsiste résonance, sois délier par l..."
33,M-001,,0,"Ô corrompu satori, sois rematérialise par le rite ancien.",rituel,0.96,1.0,3.0,0,4,0,4,0.022222222222222223,1,0,#ffff88,asterisk,0.9478280918331073,8,0.446683421243342,"Ô solipsiste résonance, sois converge par le rite ancien...."
33,MV-002,M-001,1,"Ô solipsiste résonance, sois délier par le rite ancien.",rituel,0.96,0.9481297647265372,3.370889158039108,5,1,1,2,0.011111111111111112,0,1,#ffff88,claviform,0.8865922397294248,6,0.569308333302673,"Ô solipsiste résonance, sois délier par le rite ancien...."
33,MV-003,MV-002,2,"Ô solipsiste résonance, sois baptise par le rite ancien.",rituel,0.96,0.9379242324850631,3.5788607087398736,6,0,0,0,0.0,0,2,#c7ff8a,claviform,1.0,6,0.5837227669370967,"Ô solipsiste résonance, sois baptise par le rite ancien...."
33,FS-004,MV-003+MV-002,3,"Ô solipsiste résonance, sois baptise par le rite ancien. ∪ Ô solipsiste résonance, sois délier par le rite ancien.",rituel,1.152,0.9430269986058002,3.474874933389491,13,2,0,2,0.011111111111111112,0,4,#e3ff89,claviform,1.0,6,0.0,"Ô solipsiste résonance, sois baptise par le rite ancien. ∪ Ô solipsiste résonance, sois délier par l..."
34,M-001,,0,"Ô corrompu satori, sois rematérialise par le rite ancien.",rituel,0.96,1.0,3.0,0,4,0,4,0.022222222222222223,1,0,#ffff88,asterisk,0.9478280918331073,8,0.446683421243342,"Ô solipsiste résonance, sois converge par le rite ancien...."
34,MV-002,M-001,1,"Ô solipsiste résonance, sois délier par le rite ancien.",rituel,0.96,0.9481297647265372,3.370889158039108,5,1,0,1,0.005555555555555556,0,1,#ffff88,claviform,0.8865922397294248,6,0.569308333302673,"Ô solipsiste résonance, sois délier par le rite ancien...."
34,MV-003,MV-002,2,"Ô solipsiste résonance, sois baptise par le rite ancien.",rituel,0.96,0.9379242324850631,3.5788607087398736,6,0,0,0,0.0,0,2,#c7ff8a,claviform,1.0,6,0.5837227669370967,"Ô solipsiste résonance, sois baptise par le rite ancien...."
34,FS-004,MV-003+MV-002,3,"Ô solipsiste résonance, sois baptise par le rite ancien. ∪ Ô solipsiste résonance, sois délier par le rite ancien.",rituel,1.152,0.9430269986058002,3.474874933389491,13,2,0,2,0.011111111111111112,0,4,#e3ff89,claviform,1.0,6,0.0,"Ô solipsiste résonance, sois baptise par le rite ancien. ∪ Ô solipsiste résonance, sois délier par l..."
35,M-001,,0,"Ô corrompu satori, sois rematérialise par le rite ancien.",rituel,0.96,1.0,3.0,0,3,0,3,0.016666666666666666,1,0,#ffff88,asterisk,0.9478280918331073,8,0.446683421243342,"Ô solipsiste résonance, sois converge par le rite ancien...."
35,MV-002,M-001,1,"Ô solipsiste résonance, sois délier par le rite ancien.",rituel,0.96,0.9481297647265372,3.370889158039108,5,1,0,1,0.005555555555555556,0,1,#ffff88,claviform,0.8865922397294248,6,0.569308333302673,"Ô solipsiste résonance, sois délier par le rite ancien...."
35,MV-003,MV-002,2,"Ô solipsiste résonance, sois baptise par le rite ancien.",rituel,0.96,0.9379242324850631,3.5788607087398736,6,0,0,0,0.0,0,2,#c7ff8a,claviform,1.0,6,0.5837227669370967,"Ô solipsiste résonance, sois baptise par le rite ancien...."
35,FS-004,MV-003+MV-002,3,"Ô solipsiste résonance, sois baptise par le rite ancien. ∪ Ô solipsiste résonance, sois délier par le rite ancien.",rituel,1.152,0.9430269986058002,3.474874933389491,13,2,1,3,0.016666666666666666,0,4,#e3ff89,claviform,1.0,6,0.0,"Ô solipsiste résonance, sois baptise par le rite ancien. ∪ Ô solipsiste résonance, sois délier par l..."
36,M-001,,0,"Ô corrompu satori, sois rematérialise par le rite ancien.",rituel,0.96,1.0,3.0,0,3,0,3,0.016666666666666666,1,0,#ffff88,asterisk,0.9478280918331073,8,0.446683421243342,"Ô solipsiste résonance, sois converge par le rite ancien...."
36,MV-002,M-001,1,"Ô solipsiste résonance, sois délier par le rite ancien.",rituel,0.96,0.9481297647265372,3.370889158039108,5,1,0,1,0.005555555555555556,0,1,#ffff88,claviform,0.8865922397294248,6,0.569308333302673,"Ô solipsiste résonance, sois délier par le rite ancien...."
36,MV-003,MV-002,2,"Ô solipsiste résonance, sois baptise par le rite ancien.",rituel,0.96,0.9379242324850631,3.5788607087398736,6,0,0,0,0.0,0,2,#c7ff8a,claviform,1.0,6,0.5837227669370967,"Ô solipsiste résonance, sois baptise par le rite ancien...."
36,FS-004,MV-003+MV-002,3,"Ô solipsiste résonance, sois baptise par le rite ancien. ∪ Ô solipsiste résonance, sois délier par le rite ancien.",rituel,1.152,0.9430269986058002,3.474874933389491,13,2,1,3,0.016666666666666666,0,4,#e3ff89,claviform,1.0,6,0.0,"Ô solipsiste résonance, sois baptise par le rite ancien. ∪ Ô solipsiste résonance, sois délier par l..."
37,M-001,,0,"Ô corrompu satori, sois rematérialise par le rite ancien.",rituel,0.96,1.0,3.0,0,3,0,3,0.016666666666666666,1,0,#ffff88,asterisk,0.9478280918331073,8,0.446683421243342,"Ô solipsiste résonance, sois converge par le rite ancien...."
37,MV-002,M-001,1,"Ô solipsiste résonance, sois délier par le rite ancien.",rituel,0.96,0.9481297647265372,3.370889158039108,5,1,0,1,0.005555555555555556,0,1,#ffff88,claviform,0.8865922397294248,6,0.569308333302673,"Ô solipsiste résonance, sois délier par le rite ancien...."
37,MV-003,MV-002,2,"Ô solipsiste résonance, sois baptise par le rite ancien.",rituel,0.96,0.9379242324850631,3.5788607087398736,6,0,0,0,0.0,0,2,#c7ff8a,claviform,1.0,6,0.5837227669370967,"Ô solipsiste résonance, sois baptise par le rite ancien...."
37,FS-004,MV-003+MV-002,3,"Ô solipsiste résonance, sois baptise par le rite ancien. ∪ Ô solipsiste résonance, sois délier par le rite ancien.",rituel,1.152,0.9430269986058002,3.474874933389491,13,2,1,3,0.016666666666666666,0,4,#e3ff89,claviform,1.0,6,0.0,"Ô solipsiste résonance, sois baptise par le rite ancien. ∪ Ô solipsiste résonance, sois délier par l..."
38,M-001,,0,"Ô corrompu satori, sois rematérialise par le rite ancien.",rituel,0.96,1.0,3.0,0,3,0,3,0.016666666666666666,1,0,#ffff88,asterisk,0.9478280918331073,8,0.446683421243342,"Ô solipsiste résonance, sois converge par le rite ancien...."
38,MV-002,M-001,1,"Ô solipsiste résonance, sois délier par le rite ancien.",rituel,0.96,0.9481297647265372,3.370889158039108,5,1,0,1,0.005555555555555556,0,1,#ffff88,claviform,0.8865922397294248,6,0.569308333302673,"Ô solipsiste résonance, sois délier par le rite ancien...."
38,MV-003,MV-002,2,"Ô solipsiste résonance, sois baptise par le rite ancien.",rituel,0.96,0.9379242324850631,3.5788607087398736,6,0,0,0,0.0,0,2,#c7ff8a,claviform,1.0,6,0.5837227669370967,"Ô solipsiste résonance, sois baptise par le rite ancien...."
38,FS-004,MV-003+MV-002,3,"Ô solipsiste résonance, sois baptise par le rite ancien. ∪ Ô solipsiste résonance, sois délier par le rite ancien.",rituel,1.152,0.9430269986058002,3.474874933389491,13,2,1,3,0.016666666666666666,0,4,#e3ff89,claviform,1.0,6,0.0,"Ô solipsiste résonance, sois baptise par le rite ancien. ∪ Ô solipsiste résonance, sois délier par l..."
39,M-001,,0,"Ô corrompu satori, sois rematérialise par le rite ancien.",rituel,0.96,1.0,3.0,0,3,0,3,0.016666666666666666,1,0,#ffff88,asterisk,0.9478280918331073,8,0.446683421243342,"Ô solipsiste résonance, sois converge par le rite ancien...."
39,MV-002,M-001,1,"Ô solipsiste résonance, sois délier par le rite ancien.",rituel,0.96,0.9481297647265372,3.370889158039108,5,1,0,1,0.005555555555555556,0,1,#ffff88,claviform,0.8865922397294248,6,0.569308333302673,"Ô solipsiste résonance, sois délier par le rite ancien...."
39,MV-003,MV-002,2,"Ô solipsiste résonance, sois baptise par le rite ancien.",rituel,0.96,0.9379242324850631,3.5788607087398736,6,0,0,0,0.0,0,2,#c7ff8a,claviform,1.0,6,0.5837227669370967,"Ô solipsiste résonance, sois baptise par le rite ancien...."
39,FS-004,MV-003+MV-002,3,"Ô solipsiste résonance, sois baptise par le rite ancien. ∪ Ô solipsiste résonance, sois délier par le rite ancien.",rituel,1.152,0.9430269986058002,3.474874933389491,13,3,0,3,0.016666666666666666,0,4,#e3ff89,claviform,1.0,6,0.0,"Ô solipsiste résonance, sois baptise par le rite ancien. ∪ Ô solipsiste résonance, sois délier par l..."
40,M-001,,0,"Ô corrompu satori, sois rematérialise par le rite ancien.",rituel,0.96,1.0,3.0,0,3,0,3,0.016666666666666666,1,0,#ffff88,asterisk,0.9478280918331073,8,0.446683421243342,"Ô solipsiste résonance, sois converge par le rite ancien...."
40,MV-002,M-001,1,"Ô solipsiste résonance, sois délier par le rite ancien.",rituel,0.96,0.9481297647265372,3.370889158039108,5,1,0,1,0.005555555555555556,0,1,#ffff88,claviform,0.8865922397294248,6,0.569308333302673,"Ô solipsiste résonance, sois délier par le rite ancien...."
40,MV-003,MV-002,2,"Ô solipsiste résonance, sois baptise par le rite ancien.",rituel,0.96,0.9379242324850631,3.5788607087398736,6,0,0,0,0.0,0,2,#c7ff8a,claviform,1.0,6,0.5837227669370967,"Ô solipsiste résonance, sois baptise par le rite ancien...."
40,FS-004,MV-003+MV-002,3,"Ô solipsiste résonance, sois baptise par le rite ancien. ∪ Ô solipsiste résonance, sois délier par le rite ancien.",rituel,1.152,0.9430269986058002,3.474874933389491,13,2,0,2,0.011111111111111112,0,4,#e3ff89,claviform,1.0,6,0.0,"Ô solipsiste résonance, sois baptise par le rite ancien. ∪ Ô solipsiste résonance, sois délier par l..."
41,M-001,,0,"Ô corrompu satori, sois rematérialise par le rite ancien.",rituel,0.96,1.0,3.0,0,3,0,3,0.016666666666666666,1,0,#ffff88,asterisk,0.9478280918331073,8,0.446683421243342,"Ô solipsiste résonance, sois converge par le rite ancien...."
41,MV-002,M-001,1,"Ô solipsiste résonance, sois délier par le rite ancien.",rituel,0.96,0.9481297647265372,3.370889158039108,5,1,0,1,0.005555555555555556,0,1,#ffff88,claviform,0.8865922397294248,6,0.569308333302673,"Ô solipsiste résonance, sois délier par le rite ancien...."
41,MV-003,MV-002,2,"Ô solipsiste résonance, sois baptise par le rite ancien.",rituel,0.96,0.9379242324850631,3.5788607087398736,6,0,0,0,0.0,0,2,#c7ff8a,claviform,1.0,6,0.5837227669370967,"Ô solipsiste résonance, sois baptise par le rite ancien...."
41,FS-004,MV-003+MV-002,3,"Ô solipsiste résonance, sois baptise par le rite ancien. ∪ Ô solipsiste résonance, sois délier par le rite ancien.",rituel,1.152,0.9430269986058002,3.474874933389491,13,2,0,2,0.011111111111111112,0,4,#e3ff89,claviform,1.0,6,0.0,"Ô solipsiste résonance, sois baptise par le rite ancien. ∪ Ô solipsiste résonance, sois délier par l..."
42,M-001,,0,"Ô corrompu satori, sois rematérialise par le rite ancien.",rituel,0.96,1.0,3.0,0,3,0,3,0.016666666666666666,1,0,#ffff88,asterisk,0.9478280918331073,8,0.446683421243342,"Ô solipsiste résonance, sois converge par le rite ancien...."
42,MV-002,M-001,1,"Ô solipsiste résonance, sois délier par le rite ancien.",rituel,0.96,0.9481297647265372,3.370889158039108,5,1,0,1,0.005555555555555556,0,1,#ffff88,claviform,0.8865922397294248,6,0.569308333302673,"Ô solipsiste résonance, sois délier par le rite ancien...."
42,MV-003,MV-002,2,"Ô solipsiste résonance, sois baptise par le rite ancien.",rituel,0.96,0.9379242324850631,3.5788607087398736,6,0,0,0,0.0,0,2,#c7ff8a,claviform,1.0,6,0.5837227669370967,"Ô solipsiste résonance, sois baptise par le rite ancien...."
42,FS-004,MV-003+MV-002,3,"Ô solipsiste résonance, sois baptise par le rite ancien. ∪ Ô solipsiste résonance, sois délier par le rite ancien.",rituel,1.152,0.9430269986058002,3.474874933389491,13,2,0,2,0.011111111111111112,0,4,#e3ff89,claviform,1.0,6,0.0,"Ô solipsiste résonance, sois baptise par le rite ancien. ∪ Ô solipsiste résonance, sois délier par l..."
43,M-001,,0,"Ô corrompu satori, sois rematérialise par le rite ancien.",rituel,0.96,1.0,3.0,0,2,0,2,0.011111111111111112,1,0,#ffff88,asterisk,0.9478280918331073,8,0.446683421243342,"Ô solipsiste résonance, sois converge par le rite ancien...."
43,MV-002,M-001,1,"Ô solipsiste résonance, sois délier par le rite ancien.",rituel,0.96,0.9481297647265372,3.370889158039108,5,1,1,2,0.011111111111111112,0,1,#ffff88,claviform,0.8865922397294248,6,0.569308333302673,"Ô solipsiste résonance, sois délier par le rite ancien...."
43,MV-003,MV-002,2,"Ô solipsiste résonance, sois baptise par le rite ancien.",rituel,0.96,0.9379242324850631,3.5788607087398736,6,0,0,0,0.0,0,2,#c7ff8a,claviform,1.0,6,0.5837227669370967,"Ô solipsiste résonance, sois baptise par le rite ancien...."
43,FS-004,MV-003+MV-002,3,"Ô solipsiste résonance, sois baptise par le rite ancien. ∪ Ô solipsiste résonance, sois délier par le rite ancien.",rituel,1.152,0.9430269986058002,3.474874933389491,13,2,0,2,0.011111111111111112,0,4,#e3ff89,claviform,1.0,6,0.0,"Ô solipsiste résonance, sois baptise par le rite ancien. ∪ Ô solipsiste résonance, sois délier par l..."
44,M-001,,0,"Ô corrompu satori, sois rematérialise par le rite ancien.",rituel,0.96,1.0,3.0,0,2,0,2,0.011111111111111112,1,0,#ffff88,asterisk,0.9478280918331073,8,0.446683421243342,"Ô solipsiste résonance, sois converge par le rite ancien...."
44,MV-002,M-001,1,"Ô solipsiste résonance, sois délier par le rite ancien.",rituel,0.96,0.9481297647265372,3.370889158039108,5,1,1,2,0.011111111111111112,0,1,#ffff88,claviform,0.8865922397294248,6,0.569308333302673,"Ô solipsiste résonance, sois délier par le rite ancien...."
44,MV-003,MV-002,2,"Ô solipsiste résonance, sois baptise par le rite ancien.",rituel,0.96,0.9379242324850631,3.5788607087398736,6,0,0,0,0.0,0,2,#c7ff8a,claviform,1.0,6,0.5837227669370967,"Ô solipsiste résonance, sois baptise par le rite ancien...."
44,FS-004,MV-003+MV-002,3,"Ô solipsiste résonance, sois baptise par le rite ancien. ∪ Ô solipsiste résonance, sois délier par le rite ancien.",rituel,1.152,0.9430269986058002,3.474874933389491,13,2,0,2,0.011111111111111112,0,4,#e3ff89,claviform,1.0,6,0.0,"Ô solipsiste résonance, sois baptise par le rite ancien. ∪ Ô solipsiste résonance, sois délier par l..."
45,M-001,,0,"Ô corrompu satori, sois rematérialise par le rite ancien.",rituel,0.96,1.0,3.0,0,2,0,2,0.011111111111111112,1,0,#ffff88,asterisk,0.9478280918331073,8,0.446683421243342,"Ô solipsiste résonance, sois converge par le rite ancien...."
45,MV-002,M-001,1,"Ô solipsiste résonance, sois délier par le rite ancien.",rituel,0.96,0.9481297647265372,3.370889158039108,5,2,0,2,0.011111111111111112,0,1,#ffff88,claviform,0.8865922397294248,6,0.569308333302673,"Ô solipsiste résonance, sois délier par le rite ancien...."
45,MV-003,MV-002,2,"Ô solipsiste résonance, sois baptise par le rite ancien.",rituel,0.96,0.9379242324850631,3.5788607087398736,6,0,0,0,0.0,0,2,#c7ff8a,claviform,1.0,6,0.5837227669370967,"Ô solipsiste résonance, sois baptise par le rite ancien...."
45,FS-004,MV-003+MV-002,3,"Ô solipsiste résonance, sois baptise par le rite ancien. ∪ Ô solipsiste résonance, sois délier par le rite ancien.",rituel,1.152,0.9430269986058002,3.474874933389491,13,2,0,2,0.011111111111111112,0,4,#e3ff89,claviform,1.0,6,0.0,"Ô solipsiste résonance, sois baptise par le rite ancien. ∪ Ô solipsiste résonance, sois délier par l..."
46,M-001,,0,"Ô corrompu satori, sois rematérialise par le rite ancien.",rituel,0.96,1.0,3.0,0,2,0,2,0.011111111111111112,1,0,#ffff88,asterisk,0.9478280918331073,8,0.446683421243342,"Ô solipsiste résonance, sois converge par le rite ancien...."
46,MV-002,M-001,1,"Ô solipsiste résonance, sois délier par le rite ancien.",rituel,0.96,0.9481297647265372,3.370889158039108,5,2,0,2,0.011111111111111112,0,1,#ffff88,claviform,0.8865922397294248,6,0.569308333302673,"Ô solipsiste résonance, sois délier par le rite ancien...."
46,MV-003,MV-002,2,"Ô solipsiste résonance, sois baptise par le rite ancien.",rituel,0.96,0.9379242324850631,3.5788607087398736,6,0,0,0,0.0,0,2,#c7ff8a,claviform,1.0,6,0.5837227669370967,"Ô solipsiste résonance, sois baptise par le rite ancien...."
46,FS-004,MV-003+MV-002,3,"Ô solipsiste résonance, sois baptise par le rite ancien. ∪ Ô solipsiste résonance, sois délier par le rite ancien.",rituel,1.152,0.9430269986058002,3.474874933389491,13,2,0,2,0.011111111111111112,0,4,#e3ff89,claviform,1.0,6,0.0,"Ô solipsiste résonance, sois baptise par le rite ancien. ∪ Ô solipsiste résonance, sois délier par l..."
47,M-001,,0,"Ô corrompu satori, sois rematérialise par le rite ancien.",rituel,0.96,1.0,3.0,0,2,0,2,0.011111111111111112,1,0,#ffff88,asterisk,0.9478280918331073,8,0.446683421243342,"Ô solipsiste résonance, sois converge par le rite ancien...."
47,MV-002,M-001,1,"Ô solipsiste résonance, sois délier par le rite ancien.",rituel,0.96,0.9481297647265372,3.370889158039108,5,2,0,2,0.011111111111111112,0,1,#ffff88,claviform,0.8865922397294248,6,0.569308333302673,"Ô solipsiste résonance, sois délier par le rite ancien...."
47,MV-003,MV-002,2,"Ô solipsiste résonance, sois baptise par le rite ancien.",rituel,0.96,0.9379242324850631,3.5788607087398736,6,0,0,0,0.0,0,2,#c7ff8a,claviform,1.0,6,0.5837227669370967,"Ô solipsiste résonance, sois baptise par le rite ancien...."
47,FS-004,MV-003+MV-002,3,"Ô solipsiste résonance, sois baptise par le rite ancien. ∪ Ô solipsiste résonance, sois délier par le rite ancien.",rituel,1.152,0.9430269986058002,3.474874933389491,13,2,0,2,0.011111111111111112,0,4,#e3ff89,claviform,1.0,6,0.0,"Ô solipsiste résonance, sois baptise par le rite ancien. ∪ Ô solipsiste résonance, sois délier par l..."
48,M-001,,0,"Ô corrompu satori, sois rematérialise par le rite ancien.",rituel,0.96,1.0,3.0,0,1,0,1,0.005555555555555556,1,0,#ffff88,asterisk,0.9478280918331073,8,0.446683421243342,"Ô solipsiste résonance, sois converge par le rite ancien...."
48,MV-002,M-001,1,"Ô solipsiste résonance, sois délier par le rite ancien.",rituel,0.96,0.9481297647265372,3.370889158039108,5,2,0,2,0.011111111111111112,0,1,#ffff88,claviform,0.8865922397294248,6,0.569308333302673,"Ô solipsiste résonance, sois délier par le rite ancien...."
48,MV-003,MV-002,2,"Ô solipsiste résonance, sois baptise par le rite ancien.",rituel,0.96,0.9379242324850631,3.5788607087398736,6,0,0,0,0.0,0,2,#c7ff8a,claviform,1.0,6,0.5837227669370967,"Ô solipsiste résonance, sois baptise par le rite ancien...."
48,FS-004,MV-003+MV-002,3,"Ô solipsiste résonance, sois baptise par le rite ancien. ∪ Ô solipsiste résonance, sois délier par le rite ancien.",rituel,1.152,0.9430269986058002,3.474874933389491,13,2,1,3,0.016666666666666666,0,4,#e3ff89,claviform,1.0,6,0.0,"Ô solipsiste résonance, sois baptise par le rite ancien. ∪ Ô solipsiste résonance, sois délier par l..."
49,M-001,,0,"Ô corrompu satori, sois rematérialise par le rite ancien.",rituel,0.96,1.0,3.0,0,0,0,0,0.0,1,0,#ffff88,asterisk,0.9478280918331073,8,0.446683421243342,"Ô solipsiste résonance, sois converge par le rite ancien...."
49,MV-002,M-001,1,"Ô solipsiste résonance, sois délier par le rite ancien.",rituel,0.96,0.9481297647265372,3.370889158039108,5,2,0,2,0.011111111111111112,0,1,#ffff88,claviform,0.8865922397294248,6,0.569308333302673,"Ô solipsiste résonance, sois délier par le rite ancien...."
49,MV-003,MV-002,2,"Ô solipsiste résonance, sois baptise par le rite ancien.",rituel,0.96,0.9379242324850631,3.5788607087398736,6,0,0,0,0.0,0,2,#c7ff8a,claviform,1.0,6,0.5837227669370967,"Ô solipsiste résonance, sois baptise par le rite ancien...."
49,FS-004,MV-003+MV-002,3,"Ô solipsiste résonance, sois baptise par le rite ancien. ∪ Ô solipsiste résonance, sois délier par le rite ancien.",rituel,1.152,0.9430269986058002,3.474874933389491,13,1,1,2,0.011111111111111112,0,4,#e3ff89,claviform,1.0,6,0.0,"Ô solipsiste résonance, sois baptise par le rite ancien. ∪ Ô solipsiste résonance, sois délier par l..."
50,M-001,,0,"Ô corrompu satori, sois rematérialise par le rite ancien.",rituel,0.96,1.0,3.0,0,0,0,0,0.0,1,0,#ffff88,asterisk,0.9478280918331073,8,0.446683421243342,"Ô solipsiste résonance, sois converge par le rite ancien...."
50,MV-002,M-001,1,"Ô solipsiste résonance, sois délier par le rite ancien.",rituel,0.96,0.9481297647265372,3.370889158039108,5,0,0,0,0.0,0,1,#ffff88,claviform,0.8865922397294248,6,0.569308333302673,"Ô solipsiste résonance, sois délier par le rite ancien...."
50,MV-003,MV-002,2,"Ô solipsiste résonance, sois baptise par le rite ancien.",rituel,0.96,0.9379242324850631,3.5788607087398736,6,0,0,0,0.0,0,2,#c7ff8a,claviform,1.0,6,0.5837227669370967,"Ô solipsiste résonance, sois baptise par le rite ancien...."
50,FS-004,MV-003+MV-002,3,"Ô solipsiste résonance, sois baptise par le rite ancien. ∪ Ô solipsiste résonance, sois délier par le rite ancien.",rituel,1.152,0.9430269986058002,3.474874933389491,13,0,1,1,0.005555555555555556,0,4,#e3ff89,claviform,1.0,6,0.0,"Ô solipsiste résonance, sois baptise par le rite ancien. ∪ Ô solipsiste résonance, sois délier par l..."
50,FS-005,FS-004+MV-002,4,"Ô solipsiste résonance, sois baptise par le rite ancien. ∪ Ô solipsiste résonance, sois délier par le rite ancien. ∪ Ô solipsiste résonance, sois délier par le rite ancien.",rituel,1.2672,0.9455783816661687,3.4228820457142994,50,3,0,3,0.016666666666666666,0,6,#f1ff88,claviform,1.0,6,0.0,"Ô solipsiste résonance, sois baptise par le rite ancien. ∪ Ô solipsiste résonance, sois délier par l..."
51,M-001,,0,"Ô corrompu satori, sois rematérialise par le rite ancien.",rituel,0.96,1.0,3.0,0,0,0,0,0.0,1,0,#ffff88,asterisk,0.9478280918331073,8,0.446683421243342,"Ô solipsiste résonance, sois converge par le rite ancien...."
51,MV-002,M-001,1,"Ô solipsiste résonance, sois délier par le rite ancien.",rituel,0.96,0.9481297647265372,3.370889158039108,5,0,0,0,0.0,0,1,#ffff88,claviform,0.8865922397294248,6,0.569308333302673,"Ô solipsiste résonance, sois délier par le rite ancien...."
51,MV-003,MV-002,2,"Ô solipsiste résonance, sois baptise par le rite ancien.",rituel,0.96,0.9379242324850631,3.5788607087398736,6,0,0,0,0.0,0,2,#c7ff8a,claviform,1.0,6,0.5837227669370967,"Ô solipsiste résonance, sois baptise par le rite ancien...."
51,FS-004,MV-003+MV-002,3,"Ô solipsiste résonance, sois baptise par le rite ancien. ∪ Ô solipsiste résonance, sois délier par le rite ancien.",rituel,1.152,0.9430269986058002,3.474874933389491,13,0,1,1,0.005555555555555556,0,4,#e3ff89,claviform,1.0,6,0.0,"Ô solipsiste résonance, sois baptise par le rite ancien. ∪ Ô solipsiste résonance, sois délier par l..."
51,FS-005,FS-004+MV-002,4,"Ô solipsiste résonance, sois baptise par le rite ancien. ∪ Ô solipsiste résonance, sois délier par le rite ancien. ∪ Ô solipsiste résonance, sois délier par le rite ancien.",rituel,1.2672,0.9455783816661687,3.4228820457142994,50,3,1,4,0.022222222222222223,0,6,#f1ff88,claviform,1.0,6,0.0,"Ô solipsiste résonance, sois baptise par le rite ancien. ∪ Ô solipsiste résonance, sois délier par l..."
52,M-001,,0,"Ô corrompu satori, sois rematérialise par le rite ancien.",rituel,0.96,1.0,3.0,0,0,0,0,0.0,1,0,#ffff88,asterisk,0.9478280918331073,8,0.446683421243342,"Ô solipsiste résonance, sois converge par le rite ancien...."
52,MV-002,M-001,1,"Ô solipsiste résonance, sois délier par le rite ancien.",rituel,0.96,0.9481297647265372,3.370889158039108,5,0,0,0,0.0,0,1,#ffff88,claviform,0.8865922397294248,6,0.569308333302673,"Ô solipsiste résonance, sois délier par le rite ancien...."
52,MV-003,MV-002,2,"Ô solipsiste résonance, sois baptise par le rite ancien.",rituel,0.96,0.9379242324850631,3.5788607087398736,6,0,0,0,0.0,0,2,#c7ff8a,claviform,1.0,6,0.5837227669370967,"Ô solipsiste résonance, sois baptise par le rite ancien...."
52,FS-004,MV-003+MV-002,3,"Ô solipsiste résonance, sois baptise par le rite ancien. ∪ Ô solipsiste résonance, sois délier par le rite ancien.",rituel,1.152,0.9430269986058002,3.474874933389491,13,0,1,1,0.005555555555555556,0,4,#e3ff89,claviform,1.0,6,0.0,"Ô solipsiste résonance, sois baptise par le rite ancien. ∪ Ô solipsiste résonance, sois délier par l..."
52,FS-005,FS-004+MV-002,4,"Ô solipsiste résonance, sois baptise par le rite ancien. ∪ Ô solipsiste résonance, sois délier par le rite ancien. ∪ Ô solipsiste résonance, sois délier par le rite ancien.",rituel,1.2672,0.9455783816661687,3.4228820457142994,50,4,0,4,0.022222222222222223,0,6,#f1ff88,claviform,1.0,6,0.0,"Ô solipsiste résonance, sois baptise par le rite ancien. ∪ Ô solipsiste résonance, sois délier par l..."
53,M-001,,0,"Ô corrompu satori, sois rematérialise par le rite ancien.",rituel,0.96,1.0,3.0,0,0,0,0,0.0,1,0,#ffff88,asterisk,0.9478280918331073,8,0.446683421243342,"Ô solipsiste résonance, sois converge par le rite ancien...."
53,MV-002,M-001,1,"Ô solipsiste résonance, sois délier par le rite ancien.",rituel,0.96,0.9481297647265372,3.370889158039108,5,0,0,0,0.0,0,1,#ffff88,claviform,0.8865922397294248,6,0.569308333302673,"Ô solipsiste résonance, sois délier par le rite ancien...."
53,MV-003,MV-002,2,"Ô solipsiste résonance, sois baptise par le rite ancien.",rituel,0.96,0.9379242324850631,3.5788607087398736,6,0,0,0,0.0,0,2,#c7ff8a,claviform,1.0,6,0.5837227669370967,"Ô solipsiste résonance, sois baptise par le rite ancien...."
53,FS-004,MV-003+MV-002,3,"Ô solipsiste résonance, sois baptise par le rite ancien. ∪ Ô solipsiste résonance, sois délier par le rite ancien.",rituel,1.152,0.9430269986058002,3.474874933389491,13,0,1,1,0.005555555555555556,0,4,#e3ff89,claviform,1.0,6,0.0,"Ô solipsiste résonance, sois baptise par le rite ancien. ∪ Ô solipsiste résonance, sois délier par l..."
53,FS-005,FS-004+MV-002,4,"Ô solipsiste résonance, sois baptise par le rite ancien. ∪ Ô solipsiste résonance, sois délier par le rite ancien. ∪ Ô solipsiste résonance, sois délier par le rite ancien.",rituel,1.2672,0.9455783816661687,3.4228820457142994,50,4,0,4,0.022222222222222223,0,6,#f1ff88,claviform,1.0,6,0.0,"Ô solipsiste résonance, sois baptise par le rite ancien. ∪ Ô solipsiste résonance, sois délier par l..."
54,M-001,,0,"Ô corrompu satori, sois rematérialise par le rite ancien.",rituel,0.96,1.0,3.0,0,0,0,0,0.0,1,0,#ffff88,asterisk,0.9478280918331073,8,0.446683421243342,"Ô solipsiste résonance, sois converge par le rite ancien...."
54,MV-002,M-001,1,"Ô solipsiste résonance, sois délier par le rite ancien.",rituel,0.96,0.9481297647265372,3.370889158039108,5,0,0,0,0.0,0,1,#ffff88,claviform,0.8865922397294248,6,0.569308333302673,"Ô solipsiste résonance, sois délier par le rite ancien...."
54,MV-003,MV-002,2,"Ô solipsiste résonance, sois baptise par le rite ancien.",rituel,0.96,0.9379242324850631,3.5788607087398736,6,0,0,0,0.0,0,2,#c7ff8a,claviform,1.0,6,0.5837227669370967,"Ô solipsiste résonance, sois baptise par le rite ancien...."
54,FS-004,MV-003+MV-002,3,"Ô solipsiste résonance, sois baptise par le rite ancien. ∪ Ô solipsiste résonance, sois délier par le rite ancien.",rituel,1.152,0.9430269986058002,3.474874933389491,13,1,0,1,0.005555555555555556,0,4,#e3ff89,claviform,1.0,6,0.0,"Ô solipsiste résonance, sois baptise par le rite ancien. ∪ Ô solipsiste résonance, sois délier par l..."
54,FS-005,FS-004+MV-002,4,"Ô solipsiste résonance, sois baptise par le rite ancien. ∪ Ô solipsiste résonance, sois délier par le rite ancien. ∪ Ô solipsiste résonance, sois délier par le rite ancien.",rituel,1.2672,0.9455783816661687,3.4228820457142994,50,4,0,4,0.022222222222222223,0,6,#f1ff88,claviform,1.0,6,0.0,"Ô solipsiste résonance, sois baptise par le rite ancien. ∪ Ô solipsiste résonance, sois délier par l..."
55,M-001,,0,"Ô corrompu satori, sois rematérialise par le rite ancien.",rituel,0.96,1.0,3.0,0,0,0,0,0.0,1,0,#ffff88,asterisk,0.9478280918331073,8,0.446683421243342,"Ô solipsiste résonance, sois converge par le rite ancien...."
55,MV-002,M-001,1,"Ô solipsiste résonance, sois délier par le rite ancien.",rituel,0.96,0.9481297647265372,3.370889158039108,5,0,0,0,0.0,0,1,#ffff88,claviform,0.8865922397294248,6,0.569308333302673,"Ô solipsiste résonance, sois délier par le rite ancien...."
55,MV-003,MV-002,2,"Ô solipsiste résonance, sois baptise par le rite ancien.",rituel,0.96,0.9379242324850631,3.5788607087398736,6,0,0,0,0.0,0,2,#c7ff8a,claviform,1.0,6,0.5837227669370967,"Ô solipsiste résonance, sois baptise par le rite ancien...."
55,FS-004,MV-003+MV-002,3,"Ô solipsiste résonance, sois baptise par le rite ancien. ∪ Ô solipsiste résonance, sois délier par le rite ancien.",rituel,1.152,0.9430269986058002,3.474874933389491,13,1,0,1,0.005555555555555556,0,4,#e3ff89,claviform,1.0,6,0.0,"Ô solipsiste résonance, sois baptise par le rite ancien. ∪ Ô solipsiste résonance, sois délier par l..."
55,FS-005,FS-004+MV-002,4,"Ô solipsiste résonance, sois baptise par le rite ancien. ∪ Ô solipsiste résonance, sois délier par le rite ancien. ∪ Ô solipsiste résonance, sois délier par le rite ancien.",rituel,1.2672,0.9455783816661687,3.4228820457142994,50,4,0,4,0.022222222222222223,0,6,#f1ff88,claviform,1.0,6,0.0,"Ô solipsiste résonance, sois baptise par le rite ancien. ∪ Ô solipsiste résonance, sois délier par l..."
56,M-001,,0,"Ô corrompu satori, sois rematérialise par le rite ancien.",rituel,0.96,1.0,3.0,0,0,0,0,0.0,1,0,#ffff88,asterisk,0.9478280918331073,8,0.446683421243342,"Ô solipsiste résonance, sois converge par le rite ancien...."
56,MV-002,M-001,1,"Ô solipsiste résonance, sois délier par le rite ancien.",rituel,0.96,0.9481297647265372,3.370889158039108,5,0,0,0,0.0,0,1,#ffff88,claviform,0.8865922397294248,6,0.569308333302673,"Ô solipsiste résonance, sois délier par le rite ancien...."
56,MV-003,MV-002,2,"Ô solipsiste résonance, sois baptise par le rite ancien.",rituel,0.96,0.9379242324850631,3.5788607087398736,6,0,0,0,0.0,0,2,#c7ff8a,claviform,1.0,6,0.5837227669370967,"Ô solipsiste résonance, sois baptise par le rite ancien...."
56,FS-004,MV-003+MV-002,3,"Ô solipsiste résonance, sois baptise par le rite ancien. ∪ Ô solipsiste résonance, sois délier par le rite ancien.",rituel,1.152,0.9430269986058002,3.474874933389491,13,1,1,2,0.011111111111111112,0,4,#e3ff89,claviform,1.0,6,0.0,"Ô solipsiste résonance, sois baptise par le rite ancien. ∪ Ô solipsiste résonance, sois délier par l..."
56,FS-005,FS-004+MV-002,4,"Ô solipsiste résonance, sois baptise par le rite ancien. ∪ Ô solipsiste résonance, sois délier par le rite ancien. ∪ Ô solipsiste résonance, sois délier par le rite ancien.",rituel,1.2672,0.9455783816661687,3.4228820457142994,50,4,0,4,0.022222222222222223,0,6,#f1ff88,claviform,1.0,6,0.0,"Ô solipsiste résonance, sois baptise par le rite ancien. ∪ Ô solipsiste résonance, sois délier par l..."
57,M-001,,0,"Ô corrompu satori, sois rematérialise par le rite ancien.",rituel,0.96,1.0,3.0,0,0,0,0,0.0,1,0,#ffff88,asterisk,0.9478280918331073,8,0.446683421243342,"Ô solipsiste résonance, sois converge par le rite ancien...."
57,MV-002,M-001,1,"Ô solipsiste résonance, sois délier par le rite ancien.",rituel,0.96,0.9481297647265372,3.370889158039108,5,0,0,0,0.0,0,1,#ffff88,claviform,0.8865922397294248,6,0.569308333302673,"Ô solipsiste résonance, sois délier par le rite ancien...."
57,MV-003,MV-002,2,"Ô solipsiste résonance, sois baptise par le rite ancien.",rituel,0.96,0.9379242324850631,3.5788607087398736,6,0,0,0,0.0,0,2,#c7ff8a,claviform,1.0,6,0.5837227669370967,"Ô solipsiste résonance, sois baptise par le rite ancien...."
57,FS-004,MV-003+MV-002,3,"Ô solipsiste résonance, sois baptise par le rite ancien. ∪ Ô solipsiste résonance, sois délier par le rite ancien.",rituel,1.152,0.9430269986058002,3.474874933389491,13,1,1,2,0.011111111111111112,0,4,#e3ff89,claviform,1.0,6,0.0,"Ô solipsiste résonance, sois baptise par le rite ancien. ∪ Ô solipsiste résonance, sois délier par l..."
57,FS-005,FS-004+MV-002,4,"Ô solipsiste résonance, sois baptise par le rite ancien. ∪ Ô solipsiste résonance, sois délier par le rite ancien. ∪ Ô solipsiste résonance, sois délier par le rite ancien.",rituel,1.2672,0.9455783816661687,3.4228820457142994,50,4,2,6,0.03333333333333333,0,6,#f1ff88,claviform,1.0,6,0.0,"Ô solipsiste résonance, sois baptise par le rite ancien. ∪ Ô solipsiste résonance, sois délier par l..."
58,M-001,,0,"Ô corrompu satori, sois rematérialise par le rite ancien.",rituel,0.96,1.0,3.0,0,0,0,0,0.0,1,0,#ffff88,asterisk,0.9478280918331073,8,0.446683421243342,"Ô solipsiste résonance, sois converge par le rite ancien...."
58,MV-002,M-001,1,"Ô solipsiste résonance, sois délier par le rite ancien.",rituel,0.96,0.9481297647265372,3.370889158039108,5,0,0,0,0.0,0,1,#ffff88,claviform,0.8865922397294248,6,0.569308333302673,"Ô solipsiste résonance, sois délier par le rite ancien...."
58,MV-003,MV-002,2,"Ô solipsiste résonance, sois baptise par le rite ancien.",rituel,0.96,0.9379242324850631,3.5788607087398736,6,0,0,0,0.0,0,2,#c7ff8a,claviform,1.0,6,0.5837227669370967,"Ô solipsiste résonance, sois baptise par le rite ancien...."
58,FS-004,MV-003+MV-002,3,"Ô solipsiste résonance, sois baptise par le rite ancien. ∪ Ô solipsiste résonance, sois délier par le rite ancien.",rituel,1.152,0.9430269986058002,3.474874933389491,13,1,1,2,0.011111111111111112,0,4,#e3ff89,claviform,1.0,6,0.0,"Ô solipsiste résonance, sois baptise par le rite ancien. ∪ Ô solipsiste résonance, sois délier par l..."
58,FS-005,FS-004+MV-002,4,"Ô solipsiste résonance, sois baptise par le rite ancien. ∪ Ô solipsiste résonance, sois délier par le rite ancien. ∪ Ô solipsiste résonance, sois délier par le rite ancien.",rituel,1.2672,0.9455783816661687,3.4228820457142994,50,4,2,6,0.03333333333333333,0,6,#f1ff88,claviform,1.0,6,0.0,"Ô solipsiste résonance, sois baptise par le rite ancien. ∪ Ô solipsiste résonance, sois délier par l..."
59,M-001,,0,"Ô corrompu satori, sois rematérialise par le rite ancien.",rituel,0.96,1.0,3.0,0,0,0,0,0.0,1,0,#ffff88,asterisk,0.9478280918331073,8,0.446683421243342,"Ô solipsiste résonance, sois converge par le rite ancien...."
59,MV-002,M-001,1,"Ô solipsiste résonance, sois délier par le rite ancien.",rituel,0.96,0.9481297647265372,3.370889158039108,5,0,0,0,0.0,0,1,#ffff88,claviform,0.8865922397294248,6,0.569308333302673,"Ô solipsiste résonance, sois délier par le rite ancien...."
59,MV-003,MV-002,2,"Ô solipsiste résonance, sois baptise par le rite ancien.",rituel,0.96,0.9379242324850631,3.5788607087398736,6,0,0,0,0.0,0,2,#c7ff8a,claviform,1.0,6,0.5837227669370967,"Ô solipsiste résonance, sois baptise par le rite ancien...."
59,FS-004,MV-003+MV-002,3,"Ô solipsiste résonance, sois baptise par le rite ancien. ∪ Ô solipsiste résonance, sois délier par le rite ancien.",rituel,1.152,0.9430269986058002,3.474874933389491,13,2,1,3,0.016666666666666666,0,4,#e3ff89,claviform,1.0,6,0.0,"Ô solipsiste résonance, sois baptise par le rite ancien. ∪ Ô solipsiste résonance, sois délier par l..."
59,FS-005,FS-004+MV-002,4,"Ô solipsiste résonance, sois baptise par le rite ancien. ∪ Ô solipsiste résonance, sois délier par le rite ancien. ∪ Ô solipsiste résonance, sois délier par le rite ancien.",rituel,1.2672,0.9455783816661687,3.4228820457142994,50,4,2,6,0.03333333333333333,0,6,#f1ff88,claviform,1.0,6,0.0,"Ô solipsiste résonance, sois baptise par le rite ancien. ∪ Ô solipsiste résonance, sois délier par l..."
